name_a,name_b,severity,sources
Spironolactone,Abiraterone,moderate,openfda(new)
Carbamazepine,Acetaminophen,moderate,openfda(new)
Acetaminophen,Chlordiazepoxide,moderate,openfda(new)
Dapsone,Acetaminophen,moderate,openfda(new)
Ethinyl Estradiol,Acetaminophen,moderate,openfda(new)
Acetazolamide,Amphetamine,moderate,openfda(new)
Acetazolamide,Potassium,severe,openfda(new)
Acetazolamide,Primidone,moderate,openfda(new)
Acetazolamide,Quinidine,moderate,openfda(new)
Quinine,Acetazolamide,moderate,openfda(new)
Acitretin,Cimetidine,severe,openfda(new)
Acitretin,Digoxin,severe,openfda(new)
Acitretin,Phenprocoumon,severe,openfda(new)
Meperidine,Acyclovir,moderate,openfda(new)
Mycophenolic Acid,Acyclovir,moderate,openfda(new)
Acyclovir,Valacyclovir,severe,openfda(new)
Nelarabine,Adenosine,severe,openfda(new)
Atomoxetine,Albuterol,moderate,openfda(new)
Albuterol,Epinephrine,severe,openfda(new)
Capecitabine,Allopurinol,severe,openfda(new)
Allopurinol,Chlorpropamide,severe,openfda(new)
Allopurinol,Cyclosporine,moderate,openfda(new)
Allopurinol,Fluorouracil,moderate,openfda(new)
Almotriptan,Methysergide,severe,openfda(new)
Alosetron,Cimetidine,severe,openfda(new)
Alosetron,Clarithromycin,moderate,openfda(new)
Alosetron,Itraconazole,moderate,openfda(new)
Alosetron,Telithromycin,moderate,openfda(new)
Alosetron,Voriconazole,moderate,openfda(new)
Alprazolam,Amiodarone,moderate,openfda(new)
Carbamazepine,Alprazolam,moderate,openfda(new)
Alprazolam,Cyclosporine,moderate,openfda(new)
Alprazolam,Desipramine,moderate,openfda(new)
Alprazolam,Diltiazem,moderate,openfda(new)
Alprazolam,Ergotamine,moderate,openfda(new)
Alprazolam,Imipramine,moderate,openfda(new)
Alprazolam,Isoniazid,moderate,openfda(new)
Alprazolam,Nicardipine,moderate,openfda(new)
Alprazolam,Nifedipine,moderate,openfda(new)
Naproxen,Aluminum Hydroxide,moderate,openfda(new)
Phenytoin,Aluminum Hydroxide,moderate,openfda(new)
Tacrolimus,Aluminum Hydroxide,moderate,openfda(new)
Dicyclomine,Amantadine,moderate,openfda(new)
Arformoterol,Aminophylline,moderate,openfda(new)
Lorazepam,Aminophylline,moderate,openfda(new)
Aminophylline,Theophylline,severe,openfda(new)
Carvedilol,Amiodarone,moderate,openfda(new)
Amiodarone,Cholestyramine,moderate,openfda(new)
Amiodarone,Cimetidine,moderate,openfda(new)
Amiodarone,Iodine,severe,openfda(new)
Darunavir,Amitriptyline,moderate,openfda(new)
Risperidone,Amitriptyline,severe,openfda(new)
Amlodipine,Sildenafil,moderate,openfda(new)
Amlodipine,Tacrolimus,moderate,openfda(new)
Esomeprazole,Amoxicillin,severe,openfda(new)
Omeprazole,Amoxicillin,severe,openfda(new)
Methamphetamine,Amphetamine,severe,openfda(new)
Amphetamine,Propoxyphene,severe,openfda(new)
Amphotericin B,Flucytosine,moderate,openfda(new)
Ganciclovir,Amphotericin B,moderate,openfda(new)
Valganciclovir,Amphotericin B,moderate,openfda(new)
Vancomycin,Amphotericin B,moderate,openfda(new)
Ampicillin,Probenecid,moderate,openfda(new)
Fosamprenavir,Amprenavir,moderate,openfda(new)
Mifepristone,Amprenavir,moderate,openfda(new)
Nevirapine,Amprenavir,severe,openfda(new)
Phenytoin,Amprenavir,moderate,openfda(new)
Aprepitant,Clarithromycin,severe,openfda(new)
Aprepitant,Diltiazem,severe,openfda(new)
Ifosfamide,Aprepitant,moderate,openfda(new)
Aprepitant,Itraconazole,severe,openfda(new)
Aprepitant,Ketoconazole,severe,openfda(new)
Aprepitant,Nefazodone,severe,openfda(new)
Aprepitant,Nelfinavir,severe,openfda(new)
Aprepitant,Ritonavir,severe,openfda(new)
Aprepitant,Troleandomycin,severe,openfda(new)
Arformoterol,Formoterol,severe,openfda(new)
Arformoterol,Theophylline,moderate,openfda(new)
Armodafinil,Modafinil,severe,openfda(new)
Armodafinil,Warfarin,moderate,openfda(new)
Arsenic Trioxide,Tretinoin,moderate,openfda(new)
Asenapine,Enoxacin,moderate,openfda(new)
Asenapine,Fluvoxamine,moderate,openfda(new)
Desvenlafaxine,Aspirin,moderate,openfda(new)
Diclofenac,Aspirin,moderate,openfda(new)
Escitalopram,Aspirin,severe,openfda(new)
Fenoprofen,Aspirin,moderate,openfda(new)
Fluoxetine,Aspirin,severe,openfda(new)
Indomethacin,Aspirin,moderate,openfda(new)
Meloxicam,Aspirin,moderate,openfda(new)
Methazolamide,Aspirin,severe,openfda(new)
Methylprednisolone,Aspirin,moderate,openfda(new)
Piroxicam,Aspirin,moderate,openfda(new)
Trazodone,Aspirin,moderate,openfda(new)
Fluconazole,Astemizole,severe,openfda(new)
Atazanavir,Bepridil,severe,openfda(new)
Atazanavir,Buprenorphine,moderate,openfda(new)
Atazanavir,Carvedilol,moderate,openfda(new)
Atazanavir,Cisapride,severe,openfda(new)
Fluticasone,Atazanavir,severe,openfda(new)
Atazanavir,Lamotrigine,severe,openfda(new)
Atazanavir,Lidocaine,severe,openfda(new)
Atazanavir,Metoprolol,moderate,openfda(new)
Mifepristone,Atazanavir,moderate,openfda(new)
Atazanavir,Oxcarbazepine,severe,openfda(new)
Atazanavir,Prasugrel,moderate,openfda(new)
Atazanavir,Quinidine,severe,openfda(new)
Atazanavir,Repaglinide,severe,openfda(new)
Atazanavir,Ritonavir,severe,openfda(new)
Atazanavir,Timolol,moderate,openfda(new)
Atazanavir,Voriconazole,severe,openfda(new)
Atazanavir,Warfarin,severe,openfda(new)
Glycopyrrolate,Atenolol,moderate,openfda(new)
Tamsulosin,Atenolol,moderate,openfda(new)
Celecoxib,Atomoxetine,moderate,openfda(new)
Etravirine,Atorvastatin,moderate,openfda(new)
Leflunomide,Atorvastatin,moderate,openfda(new)
Atorvastatin,Lopinavir,severe,openfda(new)
Phenytoin,Atorvastatin,moderate,openfda(new)
Rifampin,Atovaquone,moderate,openfda(new)
Atracurium,Succinylcholine,moderate,openfda(new)
Ipratropium,Atropine,severe,openfda(new)
Physostigmine,Atropine,severe,openfda(new)
Azathioprine,Ribavirin,moderate,openfda(new)
Azithromycin,Nelfinavir,moderate,openfda(new)
Rilpivirine,Azithromycin,moderate,openfda(new)
Cisatracurium,Bacitracin,moderate,openfda(new)
Vancomycin,Bacitracin,moderate,openfda(new)
Benazepril,Valsartan,moderate,openfda(new)
Dapsone,Benzocaine,moderate,openfda(new)
Darunavir,Bepridil,moderate,openfda(new)
Bisoprolol,Reserpine,moderate,openfda(new)
Phenytoin,Bleomycin,moderate,openfda(new)
Eltrombopag,Boceprevir,moderate,openfda(new)
Itraconazole,Bortezomib,severe,openfda(new)
Ketoconazole,Bortezomib,severe,openfda(new)
Bortezomib,Mannitol,severe,openfda(new)
Lidocaine,Bretylium,moderate,openfda(new)
Octreotide,Bromocriptine,moderate,openfda(new)
Itraconazole,Budesonide,moderate,openfda(new)
Budesonide,Ketoconazole,severe,openfda(new)
Bupivacaine,Epinephrine,severe,openfda(new)
Darunavir,Buprenorphine,moderate,openfda(new)
Etravirine,Buprenorphine,moderate,openfda(new)
Buprenorphine,Indinavir,moderate,openfda(new)
Itraconazole,Buprenorphine,moderate,openfda(new)
Ketoconazole,Buprenorphine,severe,openfda(new)
Buprenorphine,Lopinavir,moderate,openfda(new)
Buprenorphine,Nelfinavir,moderate,openfda(new)
Buprenorphine,Pentazocine,moderate,openfda(new)
Buprenorphine,Phenelzine,moderate,openfda(new)
Buprenorphine,Saquinavir,moderate,openfda(new)
Buprenorphine,Tranylcypromine,moderate,openfda(new)
Bupropion,Clopidogrel,moderate,openfda(new)
Cyclobenzaprine,Bupropion,moderate,openfda(new)
Bupropion,Digoxin,moderate,openfda(new)
Mifepristone,Bupropion,moderate,openfda(new)
Bupropion,Phenelzine,severe,openfda(new)
Bupropion,Phenobarbital,moderate,openfda(new)
Bupropion,Phenytoin,moderate,openfda(new)
Bupropion,Theophylline,moderate,openfda(new)
Bupropion,Ticlopidine,moderate,openfda(new)
Buspirone,Carbamazepine,moderate,openfda(new)
Darunavir,Buspirone,moderate,openfda(new)
Buspirone,Dexamethasone,moderate,openfda(new)
Paclitaxel,Buspirone,moderate,openfda(new)
Buspirone,Phenobarbital,moderate,openfda(new)
Buspirone,Phenytoin,moderate,openfda(new)
Buspirone,Ritonavir,moderate,openfda(new)
Hydrocodone,Butorphanol,moderate,openfda(new)
Levorphanol,Butorphanol,moderate,openfda(new)
Meperidine,Butorphanol,moderate,openfda(new)
Remifentanil,Butorphanol,moderate,openfda(new)
Sufentanil,Butorphanol,moderate,openfda(new)
Tapentadol,Butorphanol,moderate,openfda(new)
Tramadol,Butorphanol,severe,openfda(new)
Ciprofloxacin,Caffeine,severe,openfda(new)
Duloxetine,Caffeine,moderate,openfda(new)
Pentoxifylline,Caffeine,severe,openfda(new)
Phenytoin,Calcium Carbonate,moderate,openfda(new)
Calcium Chloride,Digitalis,severe,openfda(new)
Calcium Chloride,Digoxin,severe,openfda(new)
Capecitabine,Vitamin K,moderate,openfda(new)
Captopril,Valsartan,moderate,openfda(new)
Carbamazepine,Clobazam,moderate,openfda(new)
Carbamazepine,Clonazepam,moderate,openfda(new)
Carbamazepine,Dantrolene,moderate,openfda(new)
Fluoxetine,Carbamazepine,moderate,openfda(new)
Carbamazepine,Ibuprofen,moderate,openfda(new)
Levothyroxine,Carbamazepine,moderate,openfda(new)
Lithium,Carbamazepine,moderate,openfda(new)
Carbamazepine,Loxapine,moderate,openfda(new)
Mefloquine,Carbamazepine,moderate,openfda(new)
Mifepristone,Carbamazepine,severe,openfda(new)
Mirtazapine,Carbamazepine,moderate,openfda(new)
Progesterone,Carbamazepine,moderate,openfda(new)
Quinine,Carbamazepine,moderate,openfda(new)
Carbamazepine,Valproic Acid,moderate,openfda(new)
Carboplatin,Cisplatin,severe,openfda(new)
Carboplatin,Mannitol,severe,openfda(new)
Phenytoin,Carboplatin,moderate,openfda(new)
Sorafenib,Carboplatin,severe,openfda(new)
Carisoprodol,Meprobamate,severe,openfda(new)
Pentostatin,Carmustine,severe,openfda(new)
Carmustine,Phenytoin,moderate,openfda(new)
Carvedilol,Fluconazole,moderate,openfda(new)
Carvedilol,Rifampin,moderate,openfda(new)
Carvedilol,Verapamil,moderate,openfda(new)
Ceftriaxone,Lidocaine,severe,openfda(new)
Cefuroxime,Probenecid,severe,openfda(new)
Celecoxib,Cyclosporine,moderate,openfda(new)
Celecoxib,Norepinephrine,moderate,openfda(new)
Cyanocobalamin,Chloramphenicol,moderate,openfda(new)
Glimepiride,Chloramphenicol,moderate,openfda(new)
Methotrexate,Chloramphenicol,moderate,openfda(new)
Penicillin,Chloramphenicol,severe,openfda(new)
Tacrolimus,Chloramphenicol,moderate,openfda(new)
Phenytoin,Chlordiazepoxide,moderate,openfda(new)
Dapsone,Chloroquine,moderate,openfda(new)
Succinylcholine,Chloroquine,moderate,openfda(new)
Chloroquine,Tamoxifen,severe,openfda(new)
Potassium,Chlorpromazine,severe,openfda(new)
Phenytoin,Chlorpropamide,moderate,openfda(new)
Vasopressin,Chlorpropamide,moderate,openfda(new)
Chlorthalidone,Norepinephrine,moderate,openfda(new)
Chlorthalidone,Tubocurarine,moderate,openfda(new)
Levothyroxine,Cholestyramine,moderate,openfda(new)
Itraconazole,Ciclesonide,moderate,openfda(new)
Diltiazem,Cimetidine,moderate,openfda(new)
Fosamprenavir,Cimetidine,moderate,openfda(new)
Lidocaine,Cimetidine,moderate,openfda(new)
Meperidine,Cimetidine,moderate,openfda(new)
Metformin,Cimetidine,moderate,openfda(new)
Metronidazole,Cimetidine,moderate,openfda(new)
Midazolam,Cimetidine,moderate,openfda(new)
Mirtazapine,Cimetidine,moderate,openfda(new)
Morphine,Cimetidine,severe,openfda(new)
Paclitaxel,Cimetidine,severe,openfda(new)
Praziquantel,Cimetidine,moderate,openfda(new)
Risperidone,Cimetidine,severe,openfda(new)
Tacrolimus,Cimetidine,moderate,openfda(new)
Tamsulosin,Cimetidine,moderate,openfda(new)
Ciprofloxacin,Cyclosporine,moderate,openfda(new)
Itraconazole,Ciprofloxacin,moderate,openfda(new)
Ciprofloxacin,Pentoxifylline,severe,openfda(new)
Ciprofloxacin,Probenecid,moderate,openfda(new)
Ciprofloxacin,Zolpidem,severe,openfda(new)
Cisatracurium,Clindamycin,moderate,openfda(new)
Phenytoin,Cisplatin,moderate,openfda(new)
Vancomycin,Cisplatin,moderate,openfda(new)
Citalopram,Lithium,moderate,openfda(new)
Clarithromycin,Didanosine,moderate,openfda(new)
Estrogens,Clarithromycin,moderate,openfda(new)
Fluticasone,Clarithromycin,severe,openfda(new)
Clarithromycin,Fluvastatin,severe,openfda(new)
Glimepiride,Clarithromycin,moderate,openfda(new)
Clarithromycin,Hexobarbital,moderate,openfda(new)
Clarithromycin,Itraconazole,moderate,openfda(new)
Clarithromycin,Lorazepam,moderate,openfda(new)
Clarithromycin,Methylprednisolone,moderate,openfda(new)
Clarithromycin,Nateglinide,severe,openfda(new)
Clarithromycin,Pioglitazone,severe,openfda(new)
Clarithromycin,Rifampicin,moderate,openfda(new)
Clarithromycin,Rifapentine,moderate,openfda(new)
Rilpivirine,Clarithromycin,moderate,openfda(new)
Clarithromycin,Rosiglitazone,severe,openfda(new)
Clarithromycin,Temazepam,moderate,openfda(new)
Clarithromycin,Zidovudine,moderate,openfda(new)
Darunavir,Clonazepam,moderate,openfda(new)
Clonidine,Digitalis,severe,openfda(new)
Clonidine,Haloperidol,moderate,openfda(new)
Nateglinide,Clonidine,moderate,openfda(new)
Darunavir,Clopidogrel,severe,openfda(new)
Risperidone,Clozapine,moderate,openfda(new)
Vasopressin,Clozapine,moderate,openfda(new)
Codeine,Morphine,severe,openfda(new)
Codeine,Ritonavir,severe,openfda(new)
Fenofibrate,Colchicine,moderate,openfda(new)
Glimepiride,Colesevelam,moderate,openfda(new)
Colesevelam,Metformin,moderate,openfda(new)
Levothyroxine,Colestipol,moderate,openfda(new)
Vancomycin,Colistin,moderate,openfda(new)
Fluticasone,Conivaptan,severe,openfda(new)
Cyclobenzaprine,Meperidine,moderate,openfda(new)
Cyclobenzaprine,Verapamil,moderate,openfda(new)
Cyclophosphamide,Cyclosporine,moderate,openfda(new)
Glimepiride,Cyclophosphamide,moderate,openfda(new)
Pentostatin,Cyclophosphamide,severe,openfda(new)
Cyclophosphamide,Tamoxifen,moderate,openfda(new)
Vasopressin,Cyclophosphamide,moderate,openfda(new)
Ethinyl Estradiol,Cyclosporine,moderate,openfda(new)
Cyclosporine,Fenofibrate,moderate,openfda(new)
Fenoprofen,Cyclosporine,moderate,openfda(new)
Flurbiprofen,Cyclosporine,moderate,openfda(new)
Ganciclovir,Cyclosporine,moderate,openfda(new)
Glyburide,Cyclosporine,moderate,openfda(new)
Indomethacin,Cyclosporine,moderate,openfda(new)
Mefenamic Acid,Cyclosporine,moderate,openfda(new)
Meloxicam,Cyclosporine,moderate,openfda(new)
Cyclosporine,Mycophenolate,moderate,openfda(new)
Cyclosporine,Mycophenolate Mofetil,moderate,openfda(new)
Naproxen,Cyclosporine,moderate,openfda(new)
Oxaprozin,Cyclosporine,moderate,openfda(new)
Piroxicam,Cyclosporine,moderate,openfda(new)
Cyclosporine,Potassium,severe,openfda(new)
Cyclosporine,Prednisolone,moderate,openfda(new)
Cyclosporine,Ranitidine,moderate,openfda(new)
Cyclosporine,Repaglinide,moderate,openfda(new)
Silodosin,Cyclosporine,moderate,openfda(new)
Cyclosporine,Sirolimus,moderate,openfda(new)
Cyclosporine,Sulindac,moderate,openfda(new)
Tigecycline,Cyclosporine,moderate,openfda(new)
Cyclosporine,Tobramycin,moderate,openfda(new)
Valganciclovir,Cyclosporine,moderate,openfda(new)
Valsartan,Cyclosporine,moderate,openfda(new)
Cyclosporine,Vancomycin,moderate,openfda(new)
Glimepiride,Danazol,moderate,openfda(new)
Ganciclovir,Dapsone,moderate,openfda(new)
Methotrexate,Dapsone,severe,openfda(new)
Dapsone,Nitroglycerin,moderate,openfda(new)
Dapsone,Phenobarbital,moderate,openfda(new)
Dapsone,Phenytoin,moderate,openfda(new)
Dapsone,Primaquine,moderate,openfda(new)
Dapsone,Quinine,moderate,openfda(new)
Darunavir,Desipramine,moderate,openfda(new)
Darunavir,Diazepam,moderate,openfda(new)
Darunavir,Disopyramide,moderate,openfda(new)
Darunavir,Efavirenz,severe,openfda(new)
Darunavir,Estazolam,moderate,openfda(new)
Darunavir,Etravirine,severe,openfda(new)
Darunavir,Flecainide,moderate,openfda(new)
Darunavir,Imipramine,moderate,openfda(new)
Darunavir,Lidocaine,moderate,openfda(new)
Darunavir,Methadone,moderate,openfda(new)
Darunavir,Mexiletine,moderate,openfda(new)
Darunavir,Naloxone,moderate,openfda(new)
Darunavir,Nevirapine,severe,openfda(new)
Darunavir,Nortriptyline,moderate,openfda(new)
Darunavir,Omeprazole,moderate,openfda(new)
Darunavir,Oxcarbazepine,severe,openfda(new)
Darunavir,Posaconazole,moderate,openfda(new)
Darunavir,Prasugrel,severe,openfda(new)
Darunavir,Propafenone,moderate,openfda(new)
Darunavir,Quinidine,moderate,openfda(new)
Darunavir,Rivaroxaban,severe,openfda(new)
Darunavir,Salmeterol,severe,openfda(new)
Tenofovir,Darunavir,moderate,openfda(new)
Darunavir,Ticagrelor,severe,openfda(new)
Darunavir,Voriconazole,severe,openfda(new)
Darunavir,Zolpidem,moderate,openfda(new)
Fosamprenavir,Dasatinib,moderate,openfda(new)
Famotidine,Delavirdine,severe,openfda(new)
Rilpivirine,Delavirdine,severe,openfda(new)
Voriconazole,Delavirdine,moderate,openfda(new)
Vasopressin,Demeclocycline,moderate,openfda(new)
Haloperidol,Desipramine,moderate,openfda(new)
Desvenlafaxine,Venlafaxine,severe,openfda(new)
Dexamethasone,Ephedrine,moderate,openfda(new)
Itraconazole,Dexamethasone,moderate,openfda(new)
Paclitaxel,Dexamethasone,severe,openfda(new)
Pegaspargase,Dexamethasone,moderate,openfda(new)
Dexamethasone,Varicella,severe,openfda(new)
Dexlansoprazole,Rifampin,severe,openfda(new)
Dexlansoprazole,Saquinavir,moderate,openfda(new)
Dexmethylphenidate,Methylphenidate,severe,openfda(new)
Dexmethylphenidate,Potassium,moderate,openfda(new)
Lisdexamfetamine,Dextroamphetamine,moderate,openfda(new)
Memantine,Dextromethorphan,moderate,openfda(new)
Olanzapine,Diazepam,moderate,openfda(new)
Diclofenac,Digoxin,moderate,openfda(new)
Diclofenac,Hyaluronate Sodium,severe,openfda(new)
Diclofenac,Indomethacin,severe,openfda(new)
Dicloxacillin,Dicumarol,moderate,openfda(new)
Rilpivirine,Didanosine,moderate,openfda(new)
Digoxin,Digitalis,severe,openfda(new)
Ephedrine,Digitalis,moderate,openfda(new)
Epinephrine,Digitalis,severe,openfda(new)
Levothyroxine,Digitalis,moderate,openfda(new)
Lidocaine,Digitalis,severe,openfda(new)
Liothyronine,Digitalis,moderate,openfda(new)
Nifedipine,Digitalis,severe,openfda(new)
Diltiazem,Digoxin,severe,openfda(new)
Everolimus,Digoxin,moderate,openfda(new)
Fenoprofen,Digoxin,moderate,openfda(new)
Indomethacin,Digoxin,moderate,openfda(new)
Lenalidomide,Digoxin,moderate,openfda(new)
Naproxen,Digoxin,moderate,openfda(new)
Nifedipine,Digoxin,severe,openfda(new)
Phenytoin,Digoxin,moderate,openfda(new)
Piroxicam,Digoxin,moderate,openfda(new)
Potassium,Digoxin,severe,openfda(new)
Digoxin,Propantheline,moderate,openfda(new)
Risperidone,Digoxin,severe,openfda(new)
Ritonavir,Digoxin,moderate,openfda(new)
Simvastatin,Digoxin,moderate,openfda(new)
Ticagrelor,Digoxin,moderate,openfda(new)
Torsemide,Digoxin,moderate,openfda(new)
Dihydroergotamine,Epinephrine,severe,openfda(new)
Dihydroergotamine,Ergotamine,severe,openfda(new)
Diltiazem,Itraconazole,moderate,openfda(new)
Lithium,Diltiazem,moderate,openfda(new)
Posaconazole,Diltiazem,moderate,openfda(new)
Silodosin,Diltiazem,moderate,openfda(new)
Diltiazem,Verapamil,severe,openfda(new)
Paclitaxel,Diphenhydramine,severe,openfda(new)
Heparin,Dipyridamole,moderate,openfda(new)
Glimepiride,Disopyramide,moderate,openfda(new)
Glipizide,Disopyramide,moderate,openfda(new)
Phenytoin,Disopyramide,moderate,openfda(new)
Sertraline,Disulfiram,severe,openfda(new)
Tinidazole,Disulfiram,severe,openfda(new)
Propranolol,Dobutamine,moderate,openfda(new)
Lamotrigine,Dofetilide,severe,openfda(new)
Esmolol,Dopamine,severe,openfda(new)
Levodopa,Dopamine,moderate,openfda(new)
Doxepin,Tolazamide,moderate,openfda(new)
Ganciclovir,Doxorubicin,moderate,openfda(new)
Duloxetine,Famotidine,moderate,openfda(new)
Duloxetine,Theophylline,moderate,openfda(new)
Efavirenz,Lopinavir,severe,openfda(new)
Mifepristone,Efavirenz,moderate,openfda(new)
Efavirenz,Praziquantel,severe,openfda(new)
Rilpivirine,Efavirenz,severe,openfda(new)
Eletriptan,Methysergide,severe,openfda(new)
Paclitaxel,Eletriptan,moderate,openfda(new)
Eltrombopag,Lopinavir,moderate,openfda(new)
Eltrombopag,Ritonavir,moderate,openfda(new)
Eltrombopag,Telaprevir,moderate,openfda(new)
Tamsulosin,Enalapril,moderate,openfda(new)
Enalapril,Valsartan,moderate,openfda(new)
Vasopressin,Enalapril,moderate,openfda(new)
Enoxaparin,Heparin,severe,openfda(new)
Ephedrine,Theophylline,moderate,openfda(new)
Esmolol,Epinephrine,severe,openfda(new)
Epinephrine,Halothane,severe,openfda(new)
Levalbuterol,Epinephrine,severe,openfda(new)
Milnacipran,Epinephrine,moderate,openfda(new)
Epinephrine,Potassium,severe,openfda(new)
Promethazine,Epinephrine,severe,openfda(new)
Epinephrine,Quinidine,severe,openfda(new)
Epinephrine,Theophylline,severe,openfda(new)
Spironolactone,Eplerenone,severe,openfda(new)
Itraconazole,Erlotinib,severe,openfda(new)
Ketoconazole,Erlotinib,severe,openfda(new)
Ertapenem,Lidocaine,severe,openfda(new)
Ertapenem,Probenecid,severe,openfda(new)
Estrogens,Erythromycin,moderate,openfda(new)
Mifepristone,Erythromycin,moderate,openfda(new)
Mirtazapine,Erythromycin,moderate,openfda(new)
Praziquantel,Erythromycin,moderate,openfda(new)
Rilpivirine,Erythromycin,moderate,openfda(new)
Risperidone,Erythromycin,severe,openfda(new)
Silodosin,Erythromycin,moderate,openfda(new)
Tamsulosin,Erythromycin,moderate,openfda(new)
Escitalopram,Tryptophan,severe,openfda(new)
Esmolol,Norepinephrine,severe,openfda(new)
Esomeprazole,Rifampin,severe,openfda(new)
Esomeprazole,Saquinavir,moderate,openfda(new)
Esomeprazole,Tacrolimus,moderate,openfda(new)
Griseofulvin,Estrogens,moderate,openfda(new)
Estrogens,Itraconazole,moderate,openfda(new)
Estrogens,Ketoconazole,moderate,openfda(new)
Raloxifene,Estrogens,severe,openfda(new)
Somatropin,Estrogens,moderate,openfda(new)
Eszopiclone,Rifampicin,moderate,openfda(new)
Furosemide,Ethacrynic Acid,severe,openfda(new)
Ethinyl Estradiol,Potassium,moderate,openfda(new)
Ethinyl Estradiol,Prednisolone,moderate,openfda(new)
Rilpivirine,Ethinyl Estradiol,moderate,openfda(new)
Roflumilast,Ethinyl Estradiol,moderate,openfda(new)
Tacrolimus,Ethinyl Estradiol,moderate,openfda(new)
Ethinyl Estradiol,Theophylline,moderate,openfda(new)
Voriconazole,Ethinyl Estradiol,severe,openfda(new)
Etonogestrel,Fluconazole,moderate,openfda(new)
Etonogestrel,Itraconazole,moderate,openfda(new)
Etonogestrel,Ketoconazole,moderate,openfda(new)
Etonogestrel,Voriconazole,moderate,openfda(new)
Pentostatin,Etoposide,severe,openfda(new)
Etravirine,Methadone,moderate,openfda(new)
Etravirine,Naloxone,moderate,openfda(new)
Etravirine,Posaconazole,moderate,openfda(new)
Etravirine,Sildenafil,moderate,openfda(new)
Etravirine,Tadalafil,moderate,openfda(new)
Etravirine,Vardenafil,moderate,openfda(new)
Everolimus,Lovastatin,moderate,openfda(new)
Everolimus,Simvastatin,moderate,openfda(new)
Everolimus,Sirolimus,severe,openfda(new)
Everolimus,Tacrolimus,moderate,openfda(new)
Ezetimibe,Fenofibrate,severe,openfda(new)
Simvastatin,Ezetimibe,severe,openfda(new)
Ezetimibe,Warfarin,moderate,openfda(new)
Famotidine,Fosamprenavir,severe,openfda(new)
Vasopressin,Felbamate,moderate,openfda(new)
Paclitaxel,Felodipine,moderate,openfda(new)
Posaconazole,Felodipine,moderate,openfda(new)
Fenofibrate,Fenofibric Acid,severe,openfda(new)
Paroxetine,Fentanyl,moderate,openfda(new)
Fentanyl,Pentazocine,moderate,openfda(new)
Venlafaxine,Fentanyl,severe,openfda(new)
Tolterodine,Fesoterodine,severe,openfda(new)
Ifosfamide,Fluconazole,moderate,openfda(new)
Fluconazole,Losartan,severe,openfda(new)
Nevirapine,Fluconazole,moderate,openfda(new)
Norethindrone,Fluconazole,moderate,openfda(new)
Fluconazole,Terfenadine,severe,openfda(new)
Ganciclovir,Flucytosine,moderate,openfda(new)
Fludarabine,Pentostatin,severe,openfda(new)
Leucovorin,Fluorouracil,moderate,openfda(new)
Levoleucovorin,Fluorouracil,moderate,openfda(new)
Oxaliplatin,Fluorouracil,moderate,openfda(new)
Glimepiride,Fluoxetine,moderate,openfda(new)
Glipizide,Fluoxetine,moderate,openfda(new)
Fluoxetine,Haloperidol,moderate,openfda(new)
Fluoxetine,Lithium,moderate,openfda(new)
Nebivolol,Fluoxetine,moderate,openfda(new)
Fluoxetine,Olanzapine,severe,openfda(new)
Fluticasone,Indinavir,severe,openfda(new)
Fluticasone,Itraconazole,severe,openfda(new)
Fluticasone,Ketoconazole,severe,openfda(new)
Fluticasone,Lopinavir,severe,openfda(new)
Fluticasone,Nefazodone,severe,openfda(new)
Fluticasone,Nelfinavir,severe,openfda(new)
Fluticasone,Telithromycin,severe,openfda(new)
Fluticasone,Voriconazole,severe,openfda(new)
Fluvastatin,Glyburide,moderate,openfda(new)
Fluvoxamine,Lithium,moderate,openfda(new)
Olanzapine,Fluvoxamine,moderate,openfda(new)
Pentoxifylline,Fluvoxamine,moderate,openfda(new)
Mifepristone,Fosamprenavir,moderate,openfda(new)
Fosamprenavir,Nilotinib,moderate,openfda(new)
Fosamprenavir,Nizatidine,moderate,openfda(new)
Paroxetine,Fosamprenavir,moderate,openfda(new)
Phenytoin,Fosamprenavir,moderate,openfda(new)
Fosamprenavir,Quetiapine,severe,openfda(new)
Fosamprenavir,Ranitidine,moderate,openfda(new)
Fosamprenavir,Vinblastine,moderate,openfda(new)
Vasopressin,Foscarnet,moderate,openfda(new)
Frovatriptan,Methysergide,severe,openfda(new)
Furosemide,Indomethacin,moderate,openfda(new)
Furosemide,Methotrexate,moderate,openfda(new)
Furosemide,Norepinephrine,moderate,openfda(new)
Furosemide,Sucralfate,moderate,openfda(new)
Gabapentin,Morphine,moderate,openfda(new)
Ganciclovir,Hydroxyurea,moderate,openfda(new)
Ganciclovir,Mycophenolate,moderate,openfda(new)
Ganciclovir,Mycophenolate Mofetil,moderate,openfda(new)
Mycophenolic Acid,Ganciclovir,moderate,openfda(new)
Ganciclovir,Pentamidine,moderate,openfda(new)
Ganciclovir,Sulfamethoxazole,moderate,openfda(new)
Ganciclovir,Tacrolimus,moderate,openfda(new)
Ganciclovir,Trimethoprim,moderate,openfda(new)
Ganciclovir,Vinblastine,moderate,openfda(new)
Ganciclovir,Vincristine,moderate,openfda(new)
Irinotecan,Gemfibrozil,moderate,openfda(new)
Paclitaxel,Gemfibrozil,moderate,openfda(new)
Glatiramer,Mannitol,severe,openfda(new)
Glimepiride,Pentoxifylline,moderate,openfda(new)
Glimepiride,Pramlintide,moderate,openfda(new)
Glimepiride,Probenecid,moderate,openfda(new)
Glimepiride,Propoxyphene,moderate,openfda(new)
Glimepiride,Somatropin,moderate,openfda(new)
Glimepiride,Sulfinpyrazone,moderate,openfda(new)
Glipizide,Pentoxifylline,moderate,openfda(new)
Posaconazole,Glipizide,moderate,openfda(new)
Glipizide,Pramlintide,moderate,openfda(new)
Glipizide,Propoxyphene,moderate,openfda(new)
Glycopyrrolate,Haloperidol,moderate,openfda(new)
Glycopyrrolate,Levodopa,moderate,openfda(new)
Glycopyrrolate,Metformin,moderate,openfda(new)
Lisdexamfetamine,Guanfacine,moderate,openfda(new)
Haloperidol,Imipramine,moderate,openfda(new)
Ketoconazole,Haloperidol,severe,openfda(new)
Lorazepam,Haloperidol,severe,openfda(new)
Vasopressin,Haloperidol,moderate,openfda(new)
Methylergonovine Maleate,Halothane,moderate,openfda(new)
Methylphenidate,Halothane,moderate,openfda(new)
Heparin,Hydroxychloroquine,moderate,openfda(new)
Heparin,Ibuprofen,moderate,openfda(new)
Heparin,Indomethacin,moderate,openfda(new)
Nitroglycerin,Heparin,moderate,openfda(new)
Heparin,Phenylbutazone,moderate,openfda(new)
Piperacillin,Heparin,moderate,openfda(new)
Hydrocodone,Nalbuphine,moderate,openfda(new)
Hydrocodone,Pentazocine,moderate,openfda(new)
Hydrocodone,Phenelzine,moderate,openfda(new)
Hydromorphone,Pentazocine,moderate,openfda(new)
Hydromorphone,Phenelzine,moderate,openfda(new)
Hydroxychloroquine,Methotrexate,moderate,openfda(new)
Ifosfamide,Itraconazole,moderate,openfda(new)
Ifosfamide,Ketoconazole,moderate,openfda(new)
Ifosfamide,Sorafenib,moderate,openfda(new)
Vasopressin,Ifosfamide,moderate,openfda(new)
Itraconazole,Imatinib,severe,openfda(new)
Ketoconazole,Imatinib,severe,openfda(new)
Tacrolimus,Imatinib,moderate,openfda(new)
Indapamide,Norepinephrine,moderate,openfda(new)
Phenytoin,Indinavir,moderate,openfda(new)
Voriconazole,Indinavir,moderate,openfda(new)
Triazolam,Isoniazid,moderate,openfda(new)
Isoproterenol,Propranolol,moderate,openfda(new)
Itraconazole,Meloxicam,moderate,openfda(new)
Itraconazole,Methylprednisolone,moderate,openfda(new)
Mirtazapine,Itraconazole,moderate,openfda(new)
Norethindrone,Itraconazole,moderate,openfda(new)
Itraconazole,Phenobarbital,severe,openfda(new)
Praziquantel,Itraconazole,moderate,openfda(new)
Itraconazole,Rifampicin,severe,openfda(new)
Itraconazole,Sufentanil,moderate,openfda(new)
Itraconazole,Tenofovir,severe,openfda(new)
Itraconazole,Vasopressin,severe,openfda(new)
Neostigmine,Kanamycin,moderate,openfda(new)
Ketamine,Vasopressin,moderate,openfda(new)
Mometasone,Ketoconazole,moderate,openfda(new)
Norethindrone,Ketoconazole,moderate,openfda(new)
Ketoconazole,Praziquantel,moderate,openfda(new)
Quinine,Ketoconazole,moderate,openfda(new)
Ketoconazole,Ramelteon,severe,openfda(new)
Ketoconazole,Repaglinide,moderate,openfda(new)
Ketoconazole,Sufentanil,severe,openfda(new)
Tretinoin,Ketoconazole,moderate,openfda(new)
Lamivudine,Sorbitol,severe,openfda(new)
Lamotrigine,Lopinavir,moderate,openfda(new)
Phenytoin,Lamotrigine,moderate,openfda(new)
Lansoprazole,Rifampin,severe,openfda(new)
Lansoprazole,Saquinavir,moderate,openfda(new)
Lansoprazole,St. John's Wort,severe,openfda(new)
Leflunomide,Nateglinide,moderate,openfda(new)
Leflunomide,Pravastatin,moderate,openfda(new)
Leflunomide,Simvastatin,moderate,openfda(new)
Lenalidomide,Thalidomide,severe,openfda(new)
Leucovorin,Levoleucovorin,severe,openfda(new)
Oxaliplatin,Leucovorin,moderate,openfda(new)
Leucovorin,Sulfamethoxazole,severe,openfda(new)
Leucovorin,Trimethoprim,severe,openfda(new)
Levodopa,Metoclopramide,moderate,openfda(new)
Trihexyphenidyl,Levodopa,moderate,openfda(new)
Rilpivirine,Levonorgestrel,moderate,openfda(new)
Levorphanol,Nalbuphine,moderate,openfda(new)
Levorphanol,Pentazocine,moderate,openfda(new)
Levothyroxine,Maprotiline,moderate,openfda(new)
Levothyroxine,Orlistat,moderate,openfda(new)
Levothyroxine,Phenobarbital,moderate,openfda(new)
Levothyroxine,Rifampin,moderate,openfda(new)
Levothyroxine,Sertraline,moderate,openfda(new)
Lidocaine,Mexiletine,moderate,openfda(new)
Lidocaine,Propofol,moderate,openfda(new)
Ritonavir,Lidocaine,moderate,openfda(new)
Succinylcholine,Lidocaine,moderate,openfda(new)
Lidocaine,Tocainide,moderate,openfda(new)
Midodrine,Linezolid,severe,openfda(new)
Ziprasidone,Linezolid,severe,openfda(new)
Liothyronine,Maprotiline,moderate,openfda(new)
Lisdexamfetamine,Omeprazole,moderate,openfda(new)
Lisdexamfetamine,Venlafaxine,moderate,openfda(new)
Lisinopril,Valsartan,moderate,openfda(new)
Mannitol,Lithium,moderate,openfda(new)
Lithium,Methyldopa,moderate,openfda(new)
Lithium,Metronidazole,moderate,openfda(new)
Lithium,Nifedipine,moderate,openfda(new)
Lithium,Norepinephrine,moderate,openfda(new)
Paroxetine,Lithium,moderate,openfda(new)
Lithium,Phenytoin,moderate,openfda(new)
Risperidone,Lithium,moderate,openfda(new)
Succinylcholine,Lithium,moderate,openfda(new)
Topiramate,Lithium,moderate,openfda(new)
Tramadol,Lithium,moderate,openfda(new)
Vasopressin,Lithium,moderate,openfda(new)
Venlafaxine,Lithium,moderate,openfda(new)
Lithium,Verapamil,moderate,openfda(new)
Mifepristone,Lopinavir,moderate,openfda(new)
Phenytoin,Lopinavir,moderate,openfda(new)
Tenofovir,Lopinavir,moderate,openfda(new)
Lorazepam,Theophylline,moderate,openfda(new)
Paclitaxel,Lovastatin,moderate,openfda(new)
Pamidronate,Mannitol,severe,openfda(new)
Mefloquine,Phenobarbital,moderate,openfda(new)
Mefloquine,Phenytoin,moderate,openfda(new)
Mefloquine,Valproic Acid,moderate,openfda(new)
Meperidine,Metaxalone,moderate,openfda(new)
Meperidine,Nalbuphine,moderate,openfda(new)
Meperidine,Pentazocine,moderate,openfda(new)
Metformin,Ranolazine,moderate,openfda(new)
Topiramate,Metformin,severe,openfda(new)
Metformin,Vandetanib,moderate,openfda(new)
Rilpivirine,Methadone,moderate,openfda(new)
Methazolamide,Potassium,severe,openfda(new)
Methotrexate,Neomycin,severe,openfda(new)
Methotrexate,Pemetrexed,severe,openfda(new)
Methotrexate,Penicillamine,moderate,openfda(new)
Phenytoin,Methotrexate,moderate,openfda(new)
Methotrexate,Pyrimethamine,severe,openfda(new)
Methotrexate,Tetracycline,moderate,openfda(new)
Methylergonovine Maleate,Methoxyflurane,moderate,openfda(new)
Tetracycline,Methoxyflurane,severe,openfda(new)
Nifedipine,Methyldopa,moderate,openfda(new)
Nimodipine,Methyldopa,moderate,openfda(new)
Vasopressin,Methyldopa,moderate,openfda(new)
Ziprasidone,Methylene Blue,severe,openfda(new)
Phenytoin,Methylphenidate,moderate,openfda(new)
Methylphenidate,Potassium,moderate,openfda(new)
Methylphenidate,Risperidone,severe,openfda(new)
Methylprednisolone,Phenobarbital,moderate,openfda(new)
Methylprednisolone,Phenytoin,moderate,openfda(new)
Tacrolimus,Methylprednisolone,moderate,openfda(new)
Naratriptan,Methysergide,severe,openfda(new)
Rizatriptan,Methysergide,severe,openfda(new)
Sumatriptan,Methysergide,severe,openfda(new)
Zolmitriptan,Methysergide,severe,openfda(new)
Ropinirole,Metoclopramide,moderate,openfda(new)
Succinylcholine,Metoclopramide,moderate,openfda(new)
Tacrolimus,Metoclopramide,moderate,openfda(new)
Metolazone,Norepinephrine,moderate,openfda(new)
Paclitaxel,Midazolam,moderate,openfda(new)
Midazolam,Ranitidine,moderate,openfda(new)
Rilpivirine,Midazolam,moderate,openfda(new)
Mifepristone,Phenobarbital,severe,openfda(new)
Mifepristone,Rifabutin,severe,openfda(new)
Rifampin,Mifepristone,severe,openfda(new)
Mifepristone,Saquinavir,moderate,openfda(new)
Mifepristone,St. John's Wort,severe,openfda(new)
Minocycline,Penicillin,severe,openfda(new)
Mirtazapine,Nefazodone,moderate,openfda(new)
Mirtazapine,Phenytoin,moderate,openfda(new)
Mirtazapine,Rifampin,moderate,openfda(new)
Mirtazapine,Ritonavir,moderate,openfda(new)
Modafinil,Warfarin,moderate,openfda(new)
Morphine,Pentazocine,moderate,openfda(new)
Morphine,Phenelzine,moderate,openfda(new)
Morphine,Tranylcypromine,moderate,openfda(new)
Mycophenolic Acid,Mycophenolate Mofetil,severe,openfda(new)
Mycophenolic Acid,Mycophenolate,severe,openfda(new)
Mycophenolic Acid,Valacyclovir,moderate,openfda(new)
Mycophenolic Acid,Valganciclovir,moderate,openfda(new)
Remifentanil,Nalbuphine,moderate,openfda(new)
Sufentanil,Nalbuphine,moderate,openfda(new)
Tapentadol,Nalbuphine,moderate,openfda(new)
Tramadol,Nalbuphine,severe,openfda(new)
Naproxen,Sucralfate,moderate,openfda(new)
Nateglinide,Reserpine,moderate,openfda(new)
Nateglinide,Somatropin,moderate,openfda(new)
Nebivolol,Paroxetine,moderate,openfda(new)
Nebivolol,Propafenone,moderate,openfda(new)
Nebivolol,Quinidine,moderate,openfda(new)
Nebivolol,Reserpine,moderate,openfda(new)
Neostigmine,Neomycin,moderate,openfda(new)
Sorafenib,Neomycin,moderate,openfda(new)
Neomycin,Vitamin K,moderate,openfda(new)
Neostigmine,Streptomycin,moderate,openfda(new)
Neostigmine,Succinylcholine,severe,openfda(new)
Rilpivirine,Nevirapine,severe,openfda(new)
Posaconazole,Nicardipine,moderate,openfda(new)
Tamsulosin,Nifedipine,moderate,openfda(new)
Nifedipine,Valproic Acid,moderate,openfda(new)
Tacrolimus,Nilotinib,moderate,openfda(new)
Oxaprozin,Norepinephrine,moderate,openfda(new)
Piroxicam,Norepinephrine,moderate,openfda(new)
Tetrabenazine,Norepinephrine,severe,openfda(new)
Voriconazole,Norethindrone,severe,openfda(new)
Repaglinide,Octreotide,moderate,openfda(new)
Thioguanine,Olsalazine,moderate,openfda(new)
Omeprazole,Rifampin,severe,openfda(new)
Omeprazole,Saquinavir,moderate,openfda(new)
Omeprazole,Voriconazole,moderate,openfda(new)
Ondansetron,Tramadol,moderate,openfda(new)
Opium,Pentazocine,moderate,openfda(new)
Opium,Phenelzine,moderate,openfda(new)
Propafenone,Orlistat,moderate,openfda(new)
Oxcarbazepine,Rifampin,moderate,openfda(new)
Oxycodone,Pentazocine,severe,openfda(new)
Oxycodone,Phenelzine,moderate,openfda(new)
Oxycodone,Tranylcypromine,moderate,openfda(new)
Oxymorphone,Pentazocine,moderate,openfda(new)
Oxymorphone,Phenelzine,severe,openfda(new)
Oxymorphone,Tranylcypromine,severe,openfda(new)
Paclitaxel,Ranitidine,severe,openfda(new)
Paclitaxel,Repaglinide,moderate,openfda(new)
Paclitaxel,Rosiglitazone,moderate,openfda(new)
Paclitaxel,Sildenafil,moderate,openfda(new)
Paclitaxel,Simvastatin,moderate,openfda(new)
Sorafenib,Paclitaxel,severe,openfda(new)
Paclitaxel,Triazolam,moderate,openfda(new)
Risperidone,Paliperidone,severe,openfda(new)
Pantoprazole,Saquinavir,moderate,openfda(new)
Paroxetine,Phenobarbital,moderate,openfda(new)
Paroxetine,Phenytoin,moderate,openfda(new)
Paroxetine,Ritonavir,moderate,openfda(new)
Potassium,Penicillamine,severe,openfda(new)
Probenecid,Penicillin,moderate,openfda(new)
Succinylcholine,Penicillin,moderate,openfda(new)
Penicillin,Tetracycline,severe,openfda(new)
Vasopressin,Pentamidine,moderate,openfda(new)
Remifentanil,Pentazocine,moderate,openfda(new)
Sufentanil,Pentazocine,moderate,openfda(new)
Tapentadol,Pentazocine,moderate,openfda(new)
Tramadol,Pentazocine,severe,openfda(new)
Perindopril,Valsartan,moderate,openfda(new)
Sufentanil,Phenelzine,moderate,openfda(new)
Primidone,Phenobarbital,severe,openfda(new)
Phenobarbital,Progesterone,moderate,openfda(new)
Quinine,Phenobarbital,moderate,openfda(new)
Verapamil,Phenobarbital,moderate,openfda(new)
Quinine,Phenytoin,moderate,openfda(new)
Phenytoin,Reserpine,moderate,openfda(new)
Phenytoin,Sertraline,moderate,openfda(new)
Phenytoin,Simvastatin,moderate,openfda(new)
Phenytoin,St. John's Wort,moderate,openfda(new)
Phenytoin,Sulfadiazine,moderate,openfda(new)
Phenytoin,Sulfamethizole,moderate,openfda(new)
Phenytoin,Tolbutamide,moderate,openfda(new)
Phenytoin,Topiramate,moderate,openfda(new)
Phenytoin,Trazodone,moderate,openfda(new)
Phenytoin,Verapamil,moderate,openfda(new)
Physostigmine,Succinylcholine,severe,openfda(new)
Pioglitazone,Topiramate,moderate,openfda(new)
Piperacillin,Vancomycin,moderate,openfda(new)
Vancomycin,Polymyxin B,moderate,openfda(new)
Posaconazole,Verapamil,moderate,openfda(new)
Sotalol,Potassium,severe,openfda(new)
Potassium,Tetracycline,severe,openfda(new)
Prasugrel,Warfarin,moderate,openfda(new)
Praziquantel,Ritonavir,moderate,openfda(new)
Prednisolone,Varicella,severe,openfda(new)
Voriconazole,Prednisolone,moderate,openfda(new)
Tacrolimus,Prednisone,moderate,openfda(new)
Ritonavir,Primidone,severe,openfda(new)
Rifampin,Probenecid,moderate,openfda(new)
Succinylcholine,Procainamide,moderate,openfda(new)
Progesterone,Rifampin,moderate,openfda(new)
Succinylcholine,Promazine,moderate,openfda(new)
Propranolol,Reserpine,moderate,openfda(new)
Theophylline,Propranolol,moderate,openfda(new)
Propranolol,Warfarin,moderate,openfda(new)
Quinapril,Valsartan,moderate,openfda(new)
Quinine,Sodium Bicarbonate,moderate,openfda(new)
Quinine,Vitamin K,moderate,openfda(new)
Rabeprazole,Saquinavir,moderate,openfda(new)
Raloxifene,Warfarin,moderate,openfda(new)
Ramipril,Telmisartan,severe,openfda(new)
Ramipril,Valsartan,moderate,openfda(new)
Risperidone,Ranitidine,severe,openfda(new)
Rifabutin,Tenofovir,severe,openfda(new)
Roflumilast,Rifampicin,severe,openfda(new)
Tadalafil,Rifampin,severe,openfda(new)
Tenofovir,Rifampin,severe,openfda(new)
Valsartan,Rifampin,moderate,openfda(new)
Rifampin,Zidovudine,severe,openfda(new)
Tenofovir,Rifapentine,severe,openfda(new)
Tramadol,Ritonavir,moderate,openfda(new)
Valsartan,Ritonavir,moderate,openfda(new)
Ritonavir,Vinblastine,severe,openfda(new)
Salsalate,Salicylic Acid,moderate,openfda(new)
Tretinoin,Salicylic Acid,moderate,openfda(new)
Zolpidem,Sertraline,moderate,openfda(new)
Silodosin,Verapamil,moderate,openfda(new)
Succinylcholine,Terbutaline,moderate,openfda(new)
Vecuronium,Succinylcholine,moderate,openfda(new)
Tretinoin,Sulfur,moderate,openfda(new)
Tigecycline,Tacrolimus,moderate,openfda(new)
Tacrolimus,Troleandomycin,moderate,openfda(new)
Tamsulosin,Terbinafine,moderate,openfda(new)
Tobramycin,Varicella,severe,openfda(new)
Trazodone,Warfarin,moderate,openfda(new)
Voriconazole,Tretinoin,moderate,openfda(new)
Triazolam,Verapamil,moderate,openfda(new)
Venlafaxine,Tryptophan,severe,openfda(new)
Voriconazole,Tyrosine,severe,openfda(new)
Valproate Sodium,Urea,severe,openfda(new)
Valproic Acid,Urea,severe,openfda(new)
Vasopressin,Vincristine,moderate,openfda(new)
