"name","rxcui","source"
"Abarelix","301739","ndf-rt"
"Abatacept","614391","ndf-rt"
"Abciximab","83929","ndf-rt"
"Abiraterone","1100072","ndf-rt"
"Abobotulinumtoxina","860168","ndf-rt"
"Acarbose","16681","ndf-rt"
"Acebutolol","149","ndf-rt"
"Acetaminophen","161","ndf-rt"
"Acetazolamide","167","ndf-rt"
"Acetohexamide","173","ndf-rt"
"Acetophenazine Maleate","91127","ndf-rt"
"Acitretin","16818","ndf-rt"
"Acyclovir","281","ndf-rt"
"Adalimumab","327361","ndf-rt"
"Adefovir","16521","ndf-rt"
"Adenosine","296","ndf-rt"
"Adenosine Phosphate","309","ndf-rt"
"Aflibercept","1232150","ndf-rt"
"Agalsidase Beta","338817","ndf-rt"
"Alatrofloxacin","141440","ndf-rt"
"Albuterol","435","ndf-rt"
"Alcohol,Ethyl","448","ndf-rt"
"Aldesleukin","70223","ndf-rt"
"Alefacept","299635","ndf-rt"
"Alemtuzumab","117055","ndf-rt"
"Alfentanil","480","ndf-rt"
"Alfuzosin","17300","ndf-rt"
"Aliskiren","325646","ndf-rt"
"Allopurinol","519","ndf-rt"
"Almotriptan","279645","ndf-rt"
"Aloe/Hydrocortisone","217625","ndf-rt"
"Alosetron","85248","ndf-rt"
"Alphaprodine","594","ndf-rt"
"Alprazolam","596","ndf-rt"
"Alteplase,Recombinant","8410","ndf-rt"
"Altretamine","5296","ndf-rt"
"Aluminum Acetate","17609","ndf-rt"
"Aluminum Carbonate","89858","ndf-rt"
"Aluminum Chloride","46241","ndf-rt"
"Aluminum Hydroxide","612","ndf-rt"
"Aluminum Hydroxychloride","17610","ndf-rt"
"Aluminum Phosphate","17618","ndf-rt"
"Aluminum Sulfate","17621","ndf-rt"
"Amantadine","620","ndf-rt"
"Ambenonium","623","ndf-rt"
"Ambrisentan","358274","ndf-rt"
"Amikacin","641","ndf-rt"
"Amiloride","644","ndf-rt"
"Aminoglutethimide","677","ndf-rt"
"Aminophylline","689","ndf-rt"
"Amiodarone","703","ndf-rt"
"Amitriptyline","704","ndf-rt"
"Amlodipine","17767","ndf-rt"
"Ammonium Chloride","712","ndf-rt"
"Amobarbital","719","ndf-rt"
"Amoxapine","722","ndf-rt"
"Amoxicillin","723","ndf-rt"
"Amphetamine","725","ndf-rt"
"Amphotericin B","732","ndf-rt"
"Ampicillin","733","ndf-rt"
"Ampicillin/Sulbactam","37415","ndf-rt"
"Amprenavir","228656","ndf-rt"
"Amyl Nitrite","742","ndf-rt"
"Anagrelide","596724","ndf-rt"
"Anakinra","72435","ndf-rt"
"Anastrozole","84857","ndf-rt"
"Anisindione","17941","ndf-rt"
"Anisotropine","89780","ndf-rt"
"Anistreplase","40028","ndf-rt"
"Anti-Inhibitor Coagulant Complex","314504","ndf-rt"
"Anusol","128774","ndf-rt"
"Apomorphine","1043","ndf-rt"
"Apraclonidine","14845","ndf-rt"
"Aprepitant","358255","ndf-rt"
"Aprobarbital","17381","ndf-rt"
"Ardeparin","87866","ndf-rt"
"Arformoterol","304962","ndf-rt"
"Argatroban","15202","ndf-rt"
"Aripiprazole","89013","ndf-rt"
"Armodafinil","641465","ndf-rt"
"Arsenic Trioxide","","onc"
"Asenapine","784649","ndf-rt"
"Asparaginase","1156","ndf-rt"
"Aspirin","1191","ndf-rt"
"Astemizole","42328","ndf-rt"
"Atazanavir","343047","ndf-rt"
"Atenolol","1202","ndf-rt"
"Atomoxetine","38400","ndf-rt"
"Atorvastatin","83367","ndf-rt"
"Atovaquone","60212","ndf-rt"
"Atracurium","1218","ndf-rt"
"Atropine","1223","ndf-rt"
"Attapulgite","18516","ndf-rt"
"Auranofin","1227","ndf-rt"
"Aurothioglucose","4980","ndf-rt"
"Axitinib","1242999","ndf-rt"
"Azacitidine","1251","ndf-rt"
"Azathioprine","1256","ndf-rt"
"Azilsartan","1091643","ndf-rt"
"Azithromycin","18631","ndf-rt"
"Azlocillin","1266","ndf-rt"
"Bacampicillin","18687","ndf-rt"
"Bacillus Calmette-Guerin,Montreal Vaccine","314513","ndf-rt"
"Bacillus Calmette-Guerin,Tice Vaccine","221050","ndf-rt"
"Bacitracin","1291","ndf-rt"
"Baclofen","1292","ndf-rt"
"Balsalazide","18747","ndf-rt"
"Barbital","1325","ndf-rt"
"Basiliximab","196102","ndf-rt"
"Bcg Vaccine","1344","ndf-rt"
"Beclomethasone Dipropionate","1348","ndf-rt"
"Belatacept","1112973","ndf-rt"
"Belimumab","1092437","ndf-rt"
"Belladonna Extract","89781","ndf-rt"
"Benazepril","18867","ndf-rt"
"Bendamustine","134547","ndf-rt"
"Bendroflumethiazide","1369","ndf-rt"
"Benzocaine","1399","ndf-rt"
"Benzoic Acid","18989","ndf-rt"
"Benzoin","1406","ndf-rt"
"Benzoin Compound","215648","ndf-rt"
"Benzoyl Peroxide","1418","ndf-rt"
"Benzphetamine","1422","ndf-rt"
"Benzthiazide","19008","ndf-rt"
"Benztropine","1424","ndf-rt"
"Bepridil","1436","ndf-rt"
"Betamethasone","1514","ndf-rt"
"Betaxolol","1520","ndf-rt"
"Bevacizumab","253337","ndf-rt"
"Bexarotene","233272","ndf-rt"
"Bicalutamide","83008","ndf-rt"
"Biperiden","1589","ndf-rt"
"Bismuth Subcarbonate","19475","ndf-rt"
"Bismuth Subgallate","19476","ndf-rt"
"Bismuth Subnitrate","19477","ndf-rt"
"Bismuth Subsalicylate","19478","ndf-rt"
"Bismuth/Formic/Iodide","237148","ndf-rt"
"Bisoprolol","19484","ndf-rt"
"Bivalirudin","60819","ndf-rt"
"Bleomycin","1622","ndf-rt"
"Boceprevir","1102129","ndf-rt"
"Bortezomib","358258","ndf-rt"
"Bosentan","75207","ndf-rt"
"Bretylium","19685","ndf-rt"
"Brimonidine","134615","ndf-rt"
"Brinzolamide","194881","ndf-rt"
"Bromfenac","19737","ndf-rt"
"Bromocriptine","1760","ndf-rt"
"Budesonide","19831","ndf-rt"
"Bumetanide","1808","ndf-rt"
"Bupivacaine","1815","ndf-rt"
"Buprenorphine","1819","ndf-rt"
"Bupropion","42347","ndf-rt"
"Buspirone","1827","ndf-rt"
"Busulfan","1828","ndf-rt"
"Butabarbital","477631","ndf-rt"
"Butoconazole","19884","ndf-rt"
"Butorphanol","1841","ndf-rt"
"Cabazitaxel","996051","ndf-rt"
"Cabergoline","47579","ndf-rt"
"Caffeine","1886","ndf-rt"
"Calamine","106212","ndf-rt"
"Calcium Acetate","214342","ndf-rt"
"Calcium Carbonate","1897","ndf-rt"
"Calcium Chloride","1901","ndf-rt"
"Calcium Citrate","47613","ndf-rt"
"Calcium Folinate","225852","ndf-rt"
"Calcium Glubionate","25806","ndf-rt"
"Calcium Gluceptate","47618","ndf-rt"
"Calcium Gluconate","1908","ndf-rt"
"Calcium Glycerophosphate","1909","ndf-rt"
"Calcium Lactate","47622","ndf-rt"
"Calcium Pangamate","1917","ndf-rt"
"Calcium Phosphate","1919","ndf-rt"
"Canakinumab","853491","ndf-rt"
"Candesartan","214354","ndf-rt"
"Capecitabine","194000","ndf-rt"
"Capreomycin","78903","ndf-rt"
"Capsaicin","1992","ndf-rt"
"Captopril","1998","ndf-rt"
"Carbamazepine","2002","ndf-rt"
"Carbenicillin","2015","ndf-rt"
"Carboplatin","40048","ndf-rt"
"Carboprost/Tromethamine","20259","ndf-rt"
"Carboxymethylcellulose Sodium [Chemical/Ingredient","491498","ndf-rt"
"Carisoprodol","2101","ndf-rt"
"Carmustine","2105","ndf-rt"
"Carotene,Beta","19143","ndf-rt"
"Carteolol","2116","ndf-rt"
"Carvedilol","20352","ndf-rt"
"Cascara Sagrada Extract","66869","ndf-rt"
"Caspofungin","140108","ndf-rt"
"Castellani Paint","305064","ndf-rt"
"Cefaclor","2176","ndf-rt"
"Cefdinir","25037","ndf-rt"
"Cefotetan","2187","ndf-rt"
"Cefpodoxime Proxetil","47835","ndf-rt"
"Ceftriaxone","2193","ndf-rt"
"Cefuroxime","2194","ndf-rt"
"Celecoxib","140587","ndf-rt"
"Cephalexin","2231","ndf-rt"
"Certolizumab Pegol","709271","ndf-rt"
"Cetuximab","318341","ndf-rt"
"Cetylpyridinium Chloride","2287","ndf-rt"
"Chamomile Flowers","221916","ndf-rt"
"Chloral Hydrate","2344","ndf-rt"
"Chlorambucil","2346","ndf-rt"
"Chloramphenicol","2348","ndf-rt"
"Chlordiazepoxide","2356","ndf-rt"
"Chlorhexidine Gluconate","20791","ndf-rt"
"Chloroquine","2393","ndf-rt"
"Chlorothiazide","2396","ndf-rt"
"Chlorotrianisene","2397","ndf-rt"
"Chlorpromazine","2403","ndf-rt"
"Chlorpropamide","2404","ndf-rt"
"Chlorprothixene","2406","ndf-rt"
"Chlorthalidone","2409","ndf-rt"
"Chlorzoxazone","2410","ndf-rt"
"Cholestyramine","2447","ndf-rt"
"Choline Salicylate","20974","ndf-rt"
"Chymotrypsin","2530","ndf-rt"
"Ciclesonide","274964","ndf-rt"
"Cidofovir","83171","ndf-rt"
"Cilostazol","21107","ndf-rt"
"Cimetidine","2541","ndf-rt"
"Cinacalcet","407990","ndf-rt"
"Ciprofloxacin","2551","ndf-rt"
"Cisapride","35255","ndf-rt"
"Cisatracurium","319864","ndf-rt"
"Cisplatin","2555","ndf-rt"
"Citalopram","2556","ndf-rt"
"Cladribine","44157","ndf-rt"
"Clarithromycin","21212","ndf-rt"
"Clemastine","2578","ndf-rt"
"Clidinium Bromide","48212","ndf-rt"
"Clindamycin","2582","ndf-rt"
"Clobazam","21241","ndf-rt"
"Clobetasol","2590","ndf-rt"
"Clofarabine","44151","ndf-rt"
"Clofibrate","2594","ndf-rt"
"Clomipramine","2597","ndf-rt"
"Clonazepam","2598","ndf-rt"
"Clonidine","2599","ndf-rt"
"Clopidogrel","32968","ndf-rt"
"Clorazepate","2353","ndf-rt"
"Clotrimazole","2623","ndf-rt"
"Cloxacillin","2625","ndf-rt"
"Clozapine","2626","ndf-rt"
"Clozapine (Fazaclo)","542974","ndf-rt"
"Coal Tar,Crude","2635","ndf-rt"
"Cocaine","2653","ndf-rt"
"Codeine","2670","ndf-rt"
"Colchicine","2683","ndf-rt"
"Colesevelam","141626","ndf-rt"
"Colestipol","2685","ndf-rt"
"Colistin","2709","ndf-rt"
"Conivaptan","302285","ndf-rt"
"Corticotropin","376","ndf-rt"
"Cortisone","2878","ndf-rt"
"Cosyntropin","2890","ndf-rt"
"Cranberry Extract","125933","ndf-rt"
"Crizotinib","1148495","ndf-rt"
"Cyanocobalamin","11248","ndf-rt"
"Cyclacillin","2968","ndf-rt"
"Cyclobenzaprine","21949","ndf-rt"
"Cyclophosphamide","3002","ndf-rt"
"Cyclosporine","3008","ndf-rt"
"Cyclothiazide","22033","ndf-rt"
"Cyproheptadine","3013","ndf-rt"
"Cytarabine","3041","ndf-rt"
"Cytomegalovirus-Specific Hyperimmune Globulin [Che","22178","ndf-rt"
"Dacarbazine","3098","ndf-rt"
"Daclizumab","190353","ndf-rt"
"Dactinomycin","3100","ndf-rt"
"Dalteparin","67109","ndf-rt"
"Danaparoid","78484","ndf-rt"
"Danazol","3102","ndf-rt"
"Dantrolene","3105","ndf-rt"
"Dapsone","3108","ndf-rt"
"Daptomycin","22299","ndf-rt"
"Darifenacin","136198","ndf-rt"
"Darunavir","460132","ndf-rt"
"Dasatinib","475342","ndf-rt"
"Daunorubicin","3109","ndf-rt"
"Decitabine","15657","ndf-rt"
"Deferasirox","614373","ndf-rt"
"Deferiprone","11645","ndf-rt"
"Degarelix","475230","ndf-rt"
"Delavirdine","83816","ndf-rt"
"Demeclocycline","3154","ndf-rt"
"Desflurane","27340","ndf-rt"
"Desipramine","3247","ndf-rt"
"Desonide","3254","ndf-rt"
"Desoxycorticosterone","3256","ndf-rt"
"Desvenlafaxine","734064","ndf-rt"
"Dexamethasone","3264","ndf-rt"
"Dexfenfluramine","3268","ndf-rt"
"Dexlansoprazole","816346","ndf-rt"
"Dexmethylphenidate","352372","ndf-rt"
"Dexrazoxane","42736","ndf-rt"
"Dextran 1","214485","ndf-rt"
"Dextran 70","3274","ndf-rt"
"Dextran 75","3275","ndf-rt"
"Dextroamphetamine","3288","ndf-rt"
"Dextromethorphan","3289","ndf-rt"
"Dezocine","22713","ndf-rt"
"Diatrizoate","3319","ndf-rt"
"Diazepam","3322","ndf-rt"
"Dichlorphenamide","3353","ndf-rt"
"Diclofenac","3355","ndf-rt"
"Dicloxacillin","3356","ndf-rt"
"Dicumarol","1598","ndf-rt"
"Dicyclomine","3361","ndf-rt"
"Didanosine","3364","ndf-rt"
"Dienestrol","3368","ndf-rt"
"Diet Aid","216598","ndf-rt"
"Diethylpropion","3389","ndf-rt"
"Diethylstilbestrol","3390","ndf-rt"
"Diflunisal","3393","ndf-rt"
"Digitalis","91235","ndf-rt"
"Digitoxin","3403","ndf-rt"
"Digoxin","3407","ndf-rt"
"Digoxin Antibodies Fab Fragments [Chemical/Ingredi","203223","ndf-rt"
"Dihydrocodeine","23088","ndf-rt"
"Dihydroergotamine","3418","ndf-rt"
"Dihydroergotoxine","3419","ndf-rt"
"Dihydroxyaluminum Sodium Carbonate [Chemical/Ingre","23163","ndf-rt"
"Diltiazem","3443","ndf-rt"
"Dimercaprol","3445","ndf-rt"
"Dimethyl Sulfoxide","3455","ndf-rt"
"Diphenhydramine","3498","ndf-rt"
"Diphtheria Toxoid","798304","ndf-rt"
"Dipivefrin","23410","ndf-rt"
"Dipyridamole","3521","ndf-rt"
"Dirithromycin","23437","ndf-rt"
"Disopyramide","3541","ndf-rt"
"Disulfiram","3554","ndf-rt"
"Dobutamine","3616","ndf-rt"
"Docetaxel","72962","ndf-rt"
"Docusate","82003","ndf-rt"
"Dofetilide","49247","ndf-rt"
"Dolasetron","68091","ndf-rt"
"Domperidone","3626","ndf-rt"
"Donepezil","135447","ndf-rt"
"Dong Quai","328141","ndf-rt"
"Dopamine","3628","ndf-rt"
"Doripenem","119771","ndf-rt"
"Dorzolamide","60207","ndf-rt"
"Doxacurium","23651","ndf-rt"
"Doxazosin","49276","ndf-rt"
"Doxepin","3638","ndf-rt"
"Doxorubicin","3639","ndf-rt"
"Doxycycline","3640","ndf-rt"
"Dronedarone","233698","ndf-rt"
"Droperidol","3648","ndf-rt"
"Duloxetine","72625","ndf-rt"
"Dyphylline","3714","ndf-rt"
"Echothiophate Iodide","3740","ndf-rt"
"Econazole Nitrate","142434","ndf-rt"
"Eculizumab","591781","ndf-rt"
"Edrophonium","3752","ndf-rt"
"Efalizumab","356988","ndf-rt"
"Efavirenz","195085","ndf-rt"
"Eletriptan","231049","ndf-rt"
"Eltrombopag","711942","ndf-rt"
"Enalapril","3827","ndf-rt"
"Enalaprilat","3829","ndf-rt"
"Encainide","42368","ndf-rt"
"Enflurane","3920","ndf-rt"
"Enfuvirtide","139896","ndf-rt"
"Enoxacin","3925","ndf-rt"
"Enoxaparin","67108","ndf-rt"
"Entacapone","60307","ndf-rt"
"Ephedrine","3966","ndf-rt"
"Epinephrine","3992","ndf-rt"
"Epinephrine,Racemic","66887","ndf-rt"
"Epinephryl Borate","24255","ndf-rt"
"Epirubicin","3995","ndf-rt"
"Eplerenone","298869","ndf-rt"
"Epoprostenol","8814","ndf-rt"
"Eprosartan","83515","ndf-rt"
"Eptifibatide","75635","ndf-rt"
"Ergoloid Mesylates","4024","ndf-rt"
"Ergonovine","4021","ndf-rt"
"Ergotamine","4025","ndf-rt"
"Eribulin","1045453","ndf-rt"
"Erlotinib","337525","ndf-rt"
"Ertapenem","325642","ndf-rt"
"Erythrityl Tetranitrate","4040","ndf-rt"
"Erythromycin","4053","ndf-rt"
"Escitalopram","321988","ndf-rt"
"Esmolol","49737","ndf-rt"
"Esomeprazole","283742","ndf-rt"
"Estazolam","4077","ndf-rt"
"Estradiol 17-Beta","4083","ndf-rt"
"Estramustine","4089","ndf-rt"
"Estrogens","4100","ndf-rt"
"Estrone","4103","ndf-rt"
"Estropipate","33747","ndf-rt"
"Eszopiclone","461016","ndf-rt"
"Etanercept","214555","ndf-rt"
"Ethacrynic Acid","4109","ndf-rt"
"Ethambutol","4110","ndf-rt"
"Ethchlorvynol","4118","ndf-rt"
"Ethinamate","24474","ndf-rt"
"Ethinyl Estradiol","4124","ndf-rt"
"Ethopropazine","4134","ndf-rt"
"Ethotoin","4136","ndf-rt"
"Ethylestrenol","4162","ndf-rt"
"Etodolac","24605","ndf-rt"
"Etomidate","4177","ndf-rt"
"Etonogestrel","14584","ndf-rt"
"Etoposide","4179","ndf-rt"
"Etravirine","475969","ndf-rt"
"Everolimus","141704","ndf-rt"
"Exemestane","258494","ndf-rt"
"Exenatide","60548","ndf-rt"
"Ezetimibe","341248","ndf-rt"
"Ezogabine","1112990","ndf-rt"
"Factor Ix Complex,Human","221099","ndf-rt"
"Famciclovir","68099","ndf-rt"
"Famotidine","4278","ndf-rt"
"Febuxostat","73689","ndf-rt"
"Felbamate","24812","ndf-rt"
"Felodipine","4316","ndf-rt"
"Fenfluramine","4328","ndf-rt"
"Fenofibrate","8703","ndf-rt"
"Fenofibric Acid","24852","ndf-rt"
"Fenoldopam","24853","ndf-rt"
"Fenoprofen","4331","ndf-rt"
"Fentanyl","4337","ndf-rt"
"Fenugreek","282436","ndf-rt"
"Ferric Na Gluconate Complex","261435","ndf-rt"
"Ferric Sulfate","24913","ndf-rt"
"Ferumoxides","72901","ndf-rt"
"Fesoterodine","797195","ndf-rt"
"Fiber","70727","ndf-rt"
"Filgrastim","68442","ndf-rt"
"Fingolimod","1012892","ndf-rt"
"Flavoxate","4440","ndf-rt"
"Flecainide","4441","ndf-rt"
"Floxuridine","4488","ndf-rt"
"Fluconazole","4450","ndf-rt"
"Flucytosine","4451","ndf-rt"
"Fludarabine","24698","ndf-rt"
"Fludrocortisone","4452","ndf-rt"
"Flunisolide","25120","ndf-rt"
"Fluocinolone","25126","ndf-rt"
"Fluorouracil","4492","ndf-rt"
"Fluoxetine","4493","ndf-rt"
"Fluoxymesterone","4494","ndf-rt"
"Fluphenazine","4496","ndf-rt"
"Flurazepam","4501","ndf-rt"
"Flurbiprofen","4502","ndf-rt"
"Flutamide","4508","ndf-rt"
"Fluticasone","41126","ndf-rt"
"Fluvastatin","41127","ndf-rt"
"Fluvoxamine","42355","ndf-rt"
"Fondaparinux","321208","ndf-rt"
"Formoterol","25255","ndf-rt"
"Fosamprenavir","358262","ndf-rt"
"Foscarnet","33562","ndf-rt"
"Fosfomycin","4550","ndf-rt"
"Fosinopril","50166","ndf-rt"
"Fosphenytoin","72236","ndf-rt"
"Fospropofol","828682","ndf-rt"
"Frovatriptan","228783","ndf-rt"
"Fulvestrant","282357","ndf-rt"
"Fungi Nail","217219","ndf-rt"
"Furazolidone","4601","ndf-rt"
"Furosemide","4603","ndf-rt"
"Gabapentin","25480","ndf-rt"
"Gabapentin Enacarbil","1101333","ndf-rt"
"Gallamine Triethiodide","4639","ndf-rt"
"Gallium Nitrate","25544","ndf-rt"
"Ganciclovir","4678","ndf-rt"
"Gatifloxacin","228476","ndf-rt"
"Gefitinib","328134","ndf-rt"
"Gemcitabine","12574","ndf-rt"
"Gemfibrozil","4719","ndf-rt"
"Gemifloxacin","138099","ndf-rt"
"Gentamicin Sulfate","142438","ndf-rt"
"Glatiramer","214582","ndf-rt"
"Glimepiride","25789","ndf-rt"
"Glipizide","4821","ndf-rt"
"Globulin,Anti-Thymocyte","1011","ndf-rt"
"Glucarpidase","1242127","ndf-rt"
"Glutethimide","4903","ndf-rt"
"Glyburide","4815","ndf-rt"
"Glycerol,Iodinated","27723","ndf-rt"
"Glycopyrrolate","4955","ndf-rt"
"Golimumab","819300","ndf-rt"
"Granisetron","26237","ndf-rt"
"Grapefruit Extract","124323","ndf-rt"
"Grepafloxacin","83719","ndf-rt"
"Griseofulvin","5021","ndf-rt"
"Guanfacine","40114","ndf-rt"
"Guarana","236953","ndf-rt"
"Haemophilus B","50937","ndf-rt"
"Halazepam","26412","ndf-rt"
"Halofantrine","50749","ndf-rt"
"Haloperidol","5093","ndf-rt"
"Halothane","5095","ndf-rt"
"Heparin","5224","ndf-rt"
"Hepatitis A Vaccine (Inactivated)","253174","ndf-rt"
"Hepatitis B Hyperimmune Globulin [Chemical/Ingredi","26744","ndf-rt"
"Hexobarbital","5302","ndf-rt"
"Hexocyclium Methylsulfate","235430","ndf-rt"
"Homatropine","27084","ndf-rt"
"Hyaluronate Sodium","42892","ndf-rt"
"Hydrochlorothiazide","5487","ndf-rt"
"Hydrocodone","5489","ndf-rt"
"Hydrocortisone","5492","ndf-rt"
"Hydroflumethiazide","5495","ndf-rt"
"Hydromorphone","3423","ndf-rt"
"Hydroxychloroquine","5521","ndf-rt"
"Hydroxyprogesterone","5542","ndf-rt"
"Hydroxyurea","5552","ndf-rt"
"Hyoscyamine","153970","ndf-rt"
"Hypromellose","27334","ndf-rt"
"Ibuprofen","5640","ndf-rt"
"Ibutilide","41289","ndf-rt"
"Idarubicin","5650","ndf-rt"
"Ifosfamide","5657","ndf-rt"
"Iloperidone","73178","ndf-rt"
"Imatinib","282388","ndf-rt"
"Imipramine","5691","ndf-rt"
"Incobotulinumtoxina","1000104","ndf-rt"
"Indacaterol","1114326","ndf-rt"
"Indapamide","5764","ndf-rt"
"Indinavir","114289","ndf-rt"
"Indomethacin","5781","ndf-rt"
"Infliximab","191831","ndf-rt"
"Interferon Alfa-2A,Recombinant","5879","ndf-rt"
"Interferon Alfa-2B,Recombinant","5880","ndf-rt"
"Interferon Alfa-3N","612937","ndf-rt"
"Interferon Alfacon-1","59744","ndf-rt"
"Interferon Beta-1A","75917","ndf-rt"
"Interferon Beta-1B","72257","ndf-rt"
"Interferon Gamma-1B","5882","ndf-rt"
"Iodamide Meglumine","29455","ndf-rt"
"Iodine","5933","ndf-rt"
"Iodipamide Meglumine","29456","ndf-rt"
"Iodixanol","27729","ndf-rt"
"Iodohippurate","314691","ndf-rt"
"Iodoquinol","3435","ndf-rt"
"Iopamidol","5966","ndf-rt"
"Iopanoic Acid","5967","ndf-rt"
"Iophendylate","5968","ndf-rt"
"Iothalamate","5970","ndf-rt"
"Ioxaglate","5973","ndf-rt"
"Ipecac Syrup","5975","ndf-rt"
"Ipratropium","7213","ndf-rt"
"Irbesartan","83818","ndf-rt"
"Irinotecan","51499","ndf-rt"
"Iron (As Ferrous Fumarate)","24941","ndf-rt"
"Iron (As Ferrous Gluconate)","24942","ndf-rt"
"Iron (As Ferrous Sulfate)","24947","ndf-rt"
"Iron Dextran Complex","5992","ndf-rt"
"Iron Sucrose","24909","ndf-rt"
"Isocarboxazid","6011","ndf-rt"
"Isoflurane","6026","ndf-rt"
"Isoniazid","6038","ndf-rt"
"Isopropamide","89784","ndf-rt"
"Isoproterenol","6054","ndf-rt"
"Isosorbide","6057","ndf-rt"
"Isosorbide Dinitrate","6058","ndf-rt"
"Isosorbide Mononitrate","28004","ndf-rt"
"Isotretinoin","6064","ndf-rt"
"Isradipine","33910","ndf-rt"
"Itraconazole","28031","ndf-rt"
"Ivacaftor","1243041","ndf-rt"
"Ixabepilone","337523","ndf-rt"
"Kanamycin","6099","ndf-rt"
"Kaolin","6102","ndf-rt"
"Ketamine","6130","ndf-rt"
"Ketoconazole","6135","ndf-rt"
"Ketoprofen","6142","ndf-rt"
"Ketorolac Tromethamine","28200","ndf-rt"
"Krill Oil","880350","ndf-rt"
"Labetalol","6185","ndf-rt"
"Lactase","41397","ndf-rt"
"Lamivudine","68244","ndf-rt"
"Lamotrigine","28439","ndf-rt"
"Lansoprazole","17128","ndf-rt"
"Lanthanum","1311070","ndf-rt"
"Lapatinib","480167","ndf-rt"
"Leflunomide","27169","ndf-rt"
"Lenalidomide","342369","ndf-rt"
"Lepirudin","237057","ndf-rt"
"Letrozole","72965","ndf-rt"
"Leucovorin","6313","ndf-rt"
"Leuprolide","42375","ndf-rt"
"Levalbuterol","237159","ndf-rt"
"Levamisole","6371","ndf-rt"
"Levobunolol","1813","ndf-rt"
"Levodopa","6375","ndf-rt"
"Levofloxacin","82122","ndf-rt"
"Levoleucovorin","877015","ndf-rt"
"Levomethadyl","237005","ndf-rt"
"Levomethadyl Acetate","","onc"
"Levonorgestrel","6373","ndf-rt"
"Levorphanol","6378","ndf-rt"
"Levothyroxine","10582","ndf-rt"
"Lidocaine","6387","ndf-rt"
"Lime Water","1910","ndf-rt"
"Linagliptin","1100699","ndf-rt"
"Lincomycins","6398","ndf-rt"
"Linezolid","190376","ndf-rt"
"Liothyronine","10814","ndf-rt"
"Liraglutide","475968","ndf-rt"
"Lisdexamfetamine","700810","ndf-rt"
"Lisinopril","29046","ndf-rt"
"Lithium","6448","ndf-rt"
"Lomefloxacin","28872","ndf-rt"
"Lomustine","6466","ndf-rt"
"Loperamide","6468","ndf-rt"
"Lopinavir","","onc"
"Loratadine","28889","ndf-rt"
"Lorazepam","6470","ndf-rt"
"Losartan","52175","ndf-rt"
"Lovastatin","6472","ndf-rt"
"Loxapine","6475","ndf-rt"
"Lurasidone","1040028","ndf-rt"
"Lyme Disease Vaccine","214177","ndf-rt"
"Lysine","6536","ndf-rt"
"Magaldrate","29151","ndf-rt"
"Magnesium Salicylate","52364","ndf-rt"
"Mannitol","6628","ndf-rt"
"Mannitol Hexanitrate","89792","ndf-rt"
"Maprotiline","6646","ndf-rt"
"Maraviroc","620216","ndf-rt"
"Mazindol","6664","ndf-rt"
"Mebendazole","6672","ndf-rt"
"Mecamylamine","6673","ndf-rt"
"Mechlorethamine","6674","ndf-rt"
"Meclofenamate","588003","ndf-rt"
"Medroxyprogesterone","6691","ndf-rt"
"Mefenamic Acid","6693","ndf-rt"
"Mefloquine","6694","ndf-rt"
"Megestrol","6703","ndf-rt"
"Melatonin","6711","ndf-rt"
"Meloxicam","41493","ndf-rt"
"Melphalan","6718","ndf-rt"
"Memantine","6719","ndf-rt"
"M-End","218126","ndf-rt"
"Menthol","6750","ndf-rt"
"Mepenzolate","107770","ndf-rt"
"Meperidine","6754","ndf-rt"
"Mephentermine","6756","ndf-rt"
"Mephenytoin","6757","ndf-rt"
"Mephobarbital","6758","ndf-rt"
"Mepivacaine","6759","ndf-rt"
"Meprobamate","6760","ndf-rt"
"Mercaptopurine","103","ndf-rt"
"Meropenem","29561","ndf-rt"
"Mesalamine","52582","ndf-rt"
"Mesoridazine","","onc"
"Mesoridazine Besylate","203186","ndf-rt"
"Metaproterenol","7688","ndf-rt"
"Metaraminol Bitartrate","6806","ndf-rt"
"Metaxalone","59078","ndf-rt"
"Metformin","6809","ndf-rt"
"Methadone","6813","ndf-rt"
"Methamphetamine","6816","ndf-rt"
"Methandrostenolone","6818","ndf-rt"
"Methantheline","6821","ndf-rt"
"Metharbital","6825","ndf-rt"
"Methazolamide","6826","ndf-rt"
"Methdilazine","29648","ndf-rt"
"Methimazole","6835","ndf-rt"
"Methohexital","6847","ndf-rt"
"Methotrexate","6851","ndf-rt"
"Methotrimeprazine","6852","ndf-rt"
"Methoxamine","6853","ndf-rt"
"Methoxsalen","6854","ndf-rt"
"Methoxyflurane","6857","ndf-rt"
"Methscopolamine","89785","ndf-rt"
"Methyclothiazide","6860","ndf-rt"
"Methyl Salicylate","29787","ndf-rt"
"Methylbenzethonium Chloride","29829","ndf-rt"
"Methylcellulose","6873","ndf-rt"
"Methylcobalamin","29421","ndf-rt"
"Methyldopa","6876","ndf-rt"
"Methyldopate","6877","ndf-rt"
"Methylene Blue","6878","ndf-rt"
"Methylergometrine","","onc"
"Methylergonovine Maleate","84158","ndf-rt"
"Methylphenidate","6901","ndf-rt"
"Methylprednisolone","6902","ndf-rt"
"Methylsulfonylmethane","23247","ndf-rt"
"Methyltestosterone","6904","ndf-rt"
"Methyprylon","6910","ndf-rt"
"Methysergide","6911","ndf-rt"
"Metipranolol","10824","ndf-rt"
"Metoclopramide","6915","ndf-rt"
"Metocurine Iodide","203206","ndf-rt"
"Metolazone","6916","ndf-rt"
"Metoprolol","6918","ndf-rt"
"Metronidazole","6922","ndf-rt"
"Metyrapone","6923","ndf-rt"
"Mexiletine","6926","ndf-rt"
"Mezlocillin","6927","ndf-rt"
"Mibefradil","83213","ndf-rt"
"Micafungin","325887","ndf-rt"
"Miconazole","6932","ndf-rt"
"Midazolam","6960","ndf-rt"
"Midodrine","6963","ndf-rt"
"Mifepristone","6964","ndf-rt"
"Miglitol","30009","ndf-rt"
"Milnacipran","588250","ndf-rt"
"Minocycline","6980","ndf-rt"
"Mirtazapine","15996","ndf-rt"
"Mitomycin","632","ndf-rt"
"Mitotane","7004","ndf-rt"
"Mitoxantrone","7005","ndf-rt"
"Mivacurium Chloride","52796","ndf-rt"
"Modafinil","30125","ndf-rt"
"Moexipril","30131","ndf-rt"
"Molindone","7019","ndf-rt"
"Mometasone","108118","ndf-rt"
"Monobenzone","17145","ndf-rt"
"Moricizine","40169","ndf-rt"
"Morphine","7052","ndf-rt"
"Moxifloxacin","139462","ndf-rt"
"Mycophenolate","265323","ndf-rt"
"Mycophenolate Mofetil","68149","ndf-rt"
"Mycophenolic Acid","7145","ndf-rt"
"Nabumetone","31448","ndf-rt"
"Nadolol","7226","ndf-rt"
"Nafcillin","7233","ndf-rt"
"Nalbuphine","7238","ndf-rt"
"Nalidixic Acid","7240","ndf-rt"
"Naloxone","7242","ndf-rt"
"Naltrexone","7243","ndf-rt"
"Nandrolone","7244","ndf-rt"
"Naphazoline","7247","ndf-rt"
"Naproxen","7258","ndf-rt"
"Naratriptan","141366","ndf-rt"
"Natalizumab","354770","ndf-rt"
"Nateglinide","274332","ndf-rt"
"Nebivolol","31555","ndf-rt"
"Nefazodone","31565","ndf-rt"
"Nelarabine","274771","ndf-rt"
"Nelfinavir","134527","ndf-rt"
"Neomycin","7299","ndf-rt"
"Neostigmine","7315","ndf-rt"
"Netilmicin","7337","ndf-rt"
"Nevirapine","53654","ndf-rt"
"Nicardipine","7396","ndf-rt"
"Nicotinic Acid","7393","ndf-rt"
"Nicotinyl Alcohol Tartrate","235354","ndf-rt"
"Nifedipine","7417","ndf-rt"
"Nilotinib","662281","ndf-rt"
"Nilutamide","31805","ndf-rt"
"Nimodipine","7426","ndf-rt"
"Nisoldipine","7435","ndf-rt"
"Nitisinone","61805","ndf-rt"
"Nitroglycerin","4917","ndf-rt"
"Nizatidine","42319","ndf-rt"
"Norepinephrine","7512","ndf-rt"
"Norethindrone","7514","ndf-rt"
"Norfloxacin","7517","ndf-rt"
"Norgestrel","7518","ndf-rt"
"Nortriptyline","7531","ndf-rt"
"Octreotide","7617","ndf-rt"
"Ofatumumab","712566","ndf-rt"
"Ofloxacin","7623","ndf-rt"
"Olanzapine","61381","ndf-rt"
"Olsalazine","32385","ndf-rt"
"Omeprazole","7646","ndf-rt"
"Onabotulinumtoxina","860189","ndf-rt"
"Ondansetron","26225","ndf-rt"
"Opium","7676","ndf-rt"
"Orabase","32485","ndf-rt"
"Orlistat","37925","ndf-rt"
"Orphenadrine Citrate","7716","ndf-rt"
"Orphenadrine Hydrochloride","202723","ndf-rt"
"Osteo Bi-Flex","1310635","ndf-rt"
"Oxacillin","7773","ndf-rt"
"Oxaliplatin","32592","ndf-rt"
"Oxandrolone","7779","ndf-rt"
"Oxaprozin","32613","ndf-rt"
"Oxazepam","7781","ndf-rt"
"Oxcarbazepine","32624","ndf-rt"
"Oxtriphylline","20976","ndf-rt"
"Oxybutynin Chloride","54251","ndf-rt"
"Oxycodone","7804","ndf-rt"
"Oxymetazoline","7812","ndf-rt"
"Oxymetholone","7813","ndf-rt"
"Oxymorphone","7814","ndf-rt"
"Oxyphenbutazone","7816","ndf-rt"
"Oxyphencyclimine","32698","ndf-rt"
"Oxyphenonium","7818","ndf-rt"
"Oxytetracycline","7821","ndf-rt"
"Paclitaxel","56946","ndf-rt"
"Paliperidone","679314","ndf-rt"
"Palonosetron","70561","ndf-rt"
"Pamidronate","11473","ndf-rt"
"Pancreatin","7880","ndf-rt"
"Pancuronium Bromide","7884","ndf-rt"
"Panitumumab","263034","ndf-rt"
"Pantoprazole","40790","ndf-rt"
"Para-Aminobenzoic Acid","74","ndf-rt"
"Parachlorometoxylenol","20877","ndf-rt"
"Paraffin,Liquid","6972","ndf-rt"
"Paraldehyde","7909","ndf-rt"
"Paramethasone","7910","ndf-rt"
"Pargyline","7930","ndf-rt"
"Paromomycin","7934","ndf-rt"
"Paroxetine","32937","ndf-rt"
"Pazopanib","714438","ndf-rt"
"Pegademase Bovine","59768","ndf-rt"
"Pegaspargase","34132","ndf-rt"
"Peginesatide","1248798","ndf-rt"
"Pemetrexed","68446","ndf-rt"
"Penbutolol","7973","ndf-rt"
"Penicillamine","7975","ndf-rt"
"Penicillin","70618","ndf-rt"
"Pentaerythritol Tetranitrate","7992","ndf-rt"
"Pentamidine","","onc"
"Pentamidine Isethionate","7995","ndf-rt"
"Pentazocine","8001","ndf-rt"
"Pentobarbital","8004","ndf-rt"
"Pentosan Polysulfate Sodium","134413","ndf-rt"
"Pentostatin","8011","ndf-rt"
"Pentoxifylline","8013","ndf-rt"
"Pergolide Mesylate","8048","ndf-rt"
"Perindopril","54552","ndf-rt"
"Perphenazine","8076","ndf-rt"
"Pertuzumab","1298944","ndf-rt"
"Pethidine","","onc"
"Petrolatum","8091","ndf-rt"
"Phendimetrazine","33272","ndf-rt"
"Phenelzine","","onc"
"Phenelzine Sulfate","8124","ndf-rt"
"Phenmetrazine","8133","ndf-rt"
"Phenobarbital","8134","ndf-rt"
"Phenol","33290","ndf-rt"
"Phenoxybenzamine","8149","ndf-rt"
"Phenprocoumon","8150","ndf-rt"
"Phentermine","8152","ndf-rt"
"Phentolamine","8153","ndf-rt"
"Phenylalanine","8156","ndf-rt"
"Phenylbutazone","8160","ndf-rt"
"Phenylbutyrate Sodium","214837","ndf-rt"
"Phenylephrine","8163","ndf-rt"
"Phenylpropanolamine","8175","ndf-rt"
"Phenytoin","8183","ndf-rt"
"Physostigmine","8299","ndf-rt"
"Phytonadione","8308","ndf-rt"
"Pimozide","8331","ndf-rt"
"Pindolol","8332","ndf-rt"
"Pioglitazone","33738","ndf-rt"
"Pipecuronium Bromide","66983","ndf-rt"
"Piperacetazine","8338","ndf-rt"
"Piperacillin","8339","ndf-rt"
"Pirbuterol","33767","ndf-rt"
"Piroxicam","8356","ndf-rt"
"Pitavastatin","861634","ndf-rt"
"Plicamycin","6995","ndf-rt"
"Podofilox","8463","ndf-rt"
"Polycarbophil Calcium","20063","ndf-rt"
"Polymyxin B","8536","ndf-rt"
"Polythiazide","8565","ndf-rt"
"Porfimer Sodium","333848","ndf-rt"
"Posaconazole","282446","ndf-rt"
"Potassium","8588","ndf-rt"
"Potassium Acetate","54987","ndf-rt"
"Potassium Bicarbonate","34296","ndf-rt"
"Potassium Chloride","8591","ndf-rt"
"Potassium Citrate","54993","ndf-rt"
"Potassium Gluconate","89903","ndf-rt"
"Potassium Iodide","8597","ndf-rt"
"Potassium Perchlorate","34318","ndf-rt"
"Potassium Phosphate","34322","ndf-rt"
"Potassium,Chelated","259277","ndf-rt"
"Povidone-Iodine","8611","ndf-rt"
"Pralatrexate","662019","ndf-rt"
"Pramipexole","746741","ndf-rt"
"Pramlintide","139953","ndf-rt"
"Prasugrel","613391","ndf-rt"
"Pravastatin","42463","ndf-rt"
"Prazepam","8627","ndf-rt"
"Praziquantel","8628","ndf-rt"
"Prazosin","8629","ndf-rt"
"Prednicarbate","34369","ndf-rt"
"Prednisolone","8638","ndf-rt"
"Prednisone","8640","ndf-rt"
"Pregabalin","187832","ndf-rt"
"Primaquine","8687","ndf-rt"
"Primidone","8691","ndf-rt"
"Probenecid","8698","ndf-rt"
"Probucol","8699","ndf-rt"
"Procainamide","8700","ndf-rt"
"Procaine","8701","ndf-rt"
"Procarbazine","8702","ndf-rt"
"Prochlorperazine","8704","ndf-rt"
"Procyclidine","8718","ndf-rt"
"Progesterone","8727","ndf-rt"
"Promazine","8742","ndf-rt"
"Promethazine","8745","ndf-rt"
"Propafenone","8754","ndf-rt"
"Propantheline","8761","ndf-rt"
"Propiomazine","8770","ndf-rt"
"Propofol","8782","ndf-rt"
"Propoxyphene","8785","ndf-rt"
"Propranolol","8787","ndf-rt"
"Propyliodone","8793","ndf-rt"
"Propylthiouracil","8794","ndf-rt"
"Protriptyline","8886","ndf-rt"
"Pseudoephedrine","8896","ndf-rt"
"Psyllium","8928","ndf-rt"
"P-V Tussin","219013","ndf-rt"
"Pyridostigmine","9000","ndf-rt"
"Pyrimethamine","9010","ndf-rt"
"Quazepam","35185","ndf-rt"
"Quercetin","9060","ndf-rt"
"Quetiapine","51272","ndf-rt"
"Quinapril","35208","ndf-rt"
"Quinestrol","9066","ndf-rt"
"Quinethazone","59743","ndf-rt"
"Quinidine","9068","ndf-rt"
"Quinine","9071","ndf-rt"
"Rabeprazole","114979","ndf-rt"
"Rabies Immune Globulin,Human","89886","ndf-rt"
"Raloxifene","72143","ndf-rt"
"Raltegravir","719872","ndf-rt"
"Ramelteon","596205","ndf-rt"
"Ramipril","35296","ndf-rt"
"Ranitidine","9143","ndf-rt"
"Ranitidine Bismuth Citrate","55471","ndf-rt"
"Ranolazine","35829","ndf-rt"
"Rapacuronium Bromide","228530","ndf-rt"
"Rasagiline","134748","ndf-rt"
"Red Yeast Rice","232540","ndf-rt"
"Regadenoson","640062","ndf-rt"
"Remifentanil","73032","ndf-rt"
"Repaglinide","73044","ndf-rt"
"Reserpine","9260","ndf-rt"
"Reteplase,Recombinant","76895","ndf-rt"
"Ribavirin","9344","ndf-rt"
"Rifabutin","55672","ndf-rt"
"Rifampicin","","onc"
"Rifampin","9384","ndf-rt"
"Rifapentine","35617","ndf-rt"
"Rilonacept","763450","ndf-rt"
"Rilpivirine","1102270","ndf-rt"
"Rimabotulinumtoxinb","860178","ndf-rt"
"Risperidone","35636","ndf-rt"
"Ritonavir","85762","ndf-rt"
"Rituximab","121191","ndf-rt"
"Rivaroxaban","1114195","ndf-rt"
"Rivastigmine","183379","ndf-rt"
"Rizatriptan","88014","ndf-rt"
"Rocuronium Bromide","32521","ndf-rt"
"Rofecoxib","232158","ndf-rt"
"Roflumilast","1091836","ndf-rt"
"Romidepsin","877510","ndf-rt"
"Ropinirole","72302","ndf-rt"
"Rosiglitazone","84108","ndf-rt"
"Rosuvastatin","301542","ndf-rt"
"Rotigotine","616739","ndf-rt"
"Rufinamide","69036","ndf-rt"
"Ruxolitinib","1193326","ndf-rt"
"Salicylamide","9518","ndf-rt"
"Salicylic Acid","9525","ndf-rt"
"Salmeterol","36117","ndf-rt"
"Salsalate","36108","ndf-rt"
"Samarium Sm153","196342","ndf-rt"
"Saquinavir","83395","ndf-rt"
"Sargramostim","69634","ndf-rt"
"Saxagliptin","857974","ndf-rt"
"Scopolamine","9601","ndf-rt"
"Secobarbital","9624","ndf-rt"
"Selegiline","9639","ndf-rt"
"Sennosides","36387","ndf-rt"
"Sermorelin Acetate","58932","ndf-rt"
"Sertraline","36437","ndf-rt"
"Sevelamer","214824","ndf-rt"
"Sevelamer Carbonate","660890","ndf-rt"
"Sevelamer Hydrochloride","237125","ndf-rt"
"Sevoflurane","36453","ndf-rt"
"Sibutramine","36514","ndf-rt"
"Sildenafil","136411","ndf-rt"
"Silodosin","720825","ndf-rt"
"Silver Nitrate","9789","ndf-rt"
"Silver Sulfadiazine","9793","ndf-rt"
"Simethicone","9796","ndf-rt"
"Simvastatin","36567","ndf-rt"
"Sirolimus","35302","ndf-rt"
"Sitagliptin","593411","ndf-rt"
"Sodium Acetate","56443","ndf-rt"
"Sodium Alginate","56446","ndf-rt"
"Sodium Bicarbonate","36676","ndf-rt"
"Sodium Citrate","56466","ndf-rt"
"Sodium Lactate","56489","ndf-rt"
"Sodium Nitrite","9894","ndf-rt"
"Sodium Nitroprusside","9895","ndf-rt"
"Sodium Oxybate","9899","ndf-rt"
"Sodium Phosphate","36709","ndf-rt"
"Sodium Polystyrene Sulfonate","56512","ndf-rt"
"Sodium Salicylate","9907","ndf-rt"
"Sodium Tetradecyl Sulfate","9913","ndf-rt"
"Sodium Thiosalicylate","91100","ndf-rt"
"Sodium Thiosulfate","36726","ndf-rt"
"Solifenacin","322167","ndf-rt"
"Somatropin","61148","ndf-rt"
"Sorafenib","495881","ndf-rt"
"Sorbitol","9945","ndf-rt"
"Sotalol","9947","ndf-rt"
"Soybean Oil","9949","ndf-rt"
"Sparfloxacin","18469","ndf-rt"
"Spironolactone","9997","ndf-rt"
"St. John's Wort","258326","ndf-rt"
"Stanozolol","10032","ndf-rt"
"Stavudine (D4t)","59763","ndf-rt"
"Streptokinase","10106","ndf-rt"
"Streptomycin","10109","ndf-rt"
"Streptozocin","10114","ndf-rt"
"Strontium-89 Chloride","281890","ndf-rt"
"Succimer","3446","ndf-rt"
"Succinylcholine","10154","ndf-rt"
"Sucralfate","10156","ndf-rt"
"Sufentanil","56795","ndf-rt"
"Sulfacetamide","10169","ndf-rt"
"Sulfacytine","78902","ndf-rt"
"Sulfadiazine","10171","ndf-rt"
"Sulfamethizole","10179","ndf-rt"
"Sulfamethoxazole","10180","ndf-rt"
"Sulfapyridine","10188","ndf-rt"
"Sulfasalazine","9524","ndf-rt"
"Sulfinpyrazone","10205","ndf-rt"
"Sulfisoxazole","10207","ndf-rt"
"Sulfur","10223","ndf-rt"
"Sulindac","10237","ndf-rt"
"Sulpiride","","onc"
"Sumatriptan","37418","ndf-rt"
"Sunitinib","357977","ndf-rt"
"Suprofen","10255","ndf-rt"
"Tacrine","10318","ndf-rt"
"Tacrolimus","42316","ndf-rt"
"Tadalafil","358263","ndf-rt"
"Talbutal","89810","ndf-rt"
"Tamoxifen","10324","ndf-rt"
"Tamsulosin","77492","ndf-rt"
"Tapentadol","787390","ndf-rt"
"Tegaserod","139778","ndf-rt"
"Telaprevir","1102261","ndf-rt"
"Telavancin","473837","ndf-rt"
"Telbivudine","474128","ndf-rt"
"Telithromycin","274786","ndf-rt"
"Telmisartan","73494","ndf-rt"
"Temazepam","10355","ndf-rt"
"Temozolomide","37776","ndf-rt"
"Temsirolimus","657797","ndf-rt"
"Tenecteplase","259280","ndf-rt"
"Teniposide","10362","ndf-rt"
"Tenofovir","117466","ndf-rt"
"Terazosin","37798","ndf-rt"
"Terbinafine","37801","ndf-rt"
"Terbutaline","10368","ndf-rt"
"Terfenadine","42330","ndf-rt"
"Terpin Hydrate","89916","ndf-rt"
"Testolactone","10378","ndf-rt"
"Testosterone","10379","ndf-rt"
"Tetanus Immune Globulin,Human","91603","ndf-rt"
"Tetanus Toxoid Adsorbed","798306","ndf-rt"
"Tetrabenazine","10390","ndf-rt"
"Tetracaine","10391","ndf-rt"
"Tetracycline","10395","ndf-rt"
"Tetrahydrozoline","37935","ndf-rt"
"Thalidomide","10432","ndf-rt"
"Theophylline","10438","ndf-rt"
"Thiamylal","10464","ndf-rt"
"Thiethylperazine","10471","ndf-rt"
"Thimerosal","10472","ndf-rt"
"Thioguanine","10485","ndf-rt"
"Thiopental","10493","ndf-rt"
"Thioridazine","10502","ndf-rt"
"Thiotepa","10473","ndf-rt"
"Thiothixene","10510","ndf-rt"
"Thrombin","10528","ndf-rt"
"Thyroglobulin","10565","ndf-rt"
"Thyroid (Usp)","10572","ndf-rt"
"Ticagrelor","1116632","ndf-rt"
"Ticarcillin","10591","ndf-rt"
"Ticlopidine","10594","ndf-rt"
"Tigecycline","384455","ndf-rt"
"Timolol","10600","ndf-rt"
"Tinidazole","10612","ndf-rt"
"Tinzaparin","69646","ndf-rt"
"Tioconazole","38298","ndf-rt"
"Tiopronin","6765","ndf-rt"
"Tipranavir","190548","ndf-rt"
"Tirofiban","73137","ndf-rt"
"Tisseel","287575","ndf-rt"
"Tizanidine","57258","ndf-rt"
"Tobramycin","10627","ndf-rt"
"Tocainide","42359","ndf-rt"
"Tocilizumab","612865","ndf-rt"
"Tolazamide","10633","ndf-rt"
"Tolbutamide","10635","ndf-rt"
"Tolcapone","72937","ndf-rt"
"Tolmetin","10636","ndf-rt"
"Tolnaftate","10637","ndf-rt"
"Tolterodine","119565","ndf-rt"
"Tolvaptan","358257","ndf-rt"
"Topiramate","38404","ndf-rt"
"Topotecan","57308","ndf-rt"
"Toremifene","38409","ndf-rt"
"Torsemide","38413","ndf-rt"
"Tositumomab","263010","ndf-rt"
"Tositumomab Iodine-131","234449","ndf-rt"
"Tramadol","10689","ndf-rt"
"Trandolapril","38454","ndf-rt"
"Tranexamic Acid","10691","ndf-rt"
"Tranylcypromine","10734","ndf-rt"
"Trastuzumab","224905","ndf-rt"
"Trazodone","10737","ndf-rt"
"Tretinoin","10753","ndf-rt"
"Triamcinolone","10759","ndf-rt"
"Triamterene","10763","ndf-rt"
"Triazolam","10767","ndf-rt"
"Trichlormethiazide","10772","ndf-rt"
"Tridihexethyl","38617","ndf-rt"
"Trifluoperazine","10800","ndf-rt"
"Triflupromazine","10805","ndf-rt"
"Trifluridine","10803","ndf-rt"
"Trihexyphenidyl","10811","ndf-rt"
"Trimeprazine","10825","ndf-rt"
"Trimethadione","10827","ndf-rt"
"Trimethaphan Camsylate","38680","ndf-rt"
"Trimethoprim","10829","ndf-rt"
"Trimetrexate Glucuronate","38725","ndf-rt"
"Trimipramine","10834","ndf-rt"
"Troglitazone","72610","ndf-rt"
"Trolamine Salicylate","38866","ndf-rt"
"Troleandomycin","10864","ndf-rt"
"Tromethamine","10865","ndf-rt"
"Tropicamide","10869","ndf-rt"
"Trospium","236778","ndf-rt"
"Tryptophan","10898","ndf-rt"
"Tuberculin,Purified Protein Derivative","8948","ndf-rt"
"Tubocurarine","10917","ndf-rt"
"Tyrosine","10962","ndf-rt"
"Ulipristal","1005921","ndf-rt"
"Uracil Mustard","10996","ndf-rt"
"Urea","11002","ndf-rt"
"Urokinase-Type Plasminogen Activator [Chemical/Ing","11055","ndf-rt"
"Ustekinumab","847083","ndf-rt"
"Valacyclovir","73645","ndf-rt"
"Valdecoxib","278567","ndf-rt"
"Valganciclovir","275891","ndf-rt"
"Valproate Sodium","9919","ndf-rt"
"Valproic Acid","11118","ndf-rt"
"Valrubicin","31435","ndf-rt"
"Valsartan","69749","ndf-rt"
"Vancomycin","11124","ndf-rt"
"Vandetanib","1098413","ndf-rt"
"Vardenafil","306674","ndf-rt"
"Varicella","11131","ndf-rt"
"Varicella-Zoster Immune Globulin [Chemical/Ingredi","39385","ndf-rt"
"Vasopressin","11149","ndf-rt"
"Vecuronium","71535","ndf-rt"
"Vemurafenib","1147220","ndf-rt"
"Venlafaxine","39786","ndf-rt"
"Verapamil","11170","ndf-rt"
"Vilazodone","1086769","ndf-rt"
"Vinblastine","11198","ndf-rt"
"Vincristine","11202","ndf-rt"
"Vinorelbine","39541","ndf-rt"
"Vitamin A","11246","ndf-rt"
"Vitamin B3","7405","ndf-rt"
"Vitamin C","1151","ndf-rt"
"Vitamin E","11256","ndf-rt"
"Vitamin K","11258","ndf-rt"
"Voriconazole","121243","ndf-rt"
"Vorinostat","194337","ndf-rt"
"Warfarin","11289","ndf-rt"
"Witch Hazel","89821","ndf-rt"
"Xylometazoline","39841","ndf-rt"
"Yellow Fever Vaccine","89890","ndf-rt"
"Yohimbine","220982","ndf-rt"
"Zafirlukast","114970","ndf-rt"
"Zalcitabine (Dideoxycytidine,Ddc)","3363","ndf-rt"
"Zaleplon","74667","ndf-rt"
"Zidovudine","11413","ndf-rt"
"Zileuton","40575","ndf-rt"
"Zinc Oxide","11423","ndf-rt"
"Ziprasidone","115698","ndf-rt"
"Zolmitriptan","135775","ndf-rt"
"Zolpidem","39993","ndf-rt"
